dob,salary,salary_inc,inflation,old_pension_pa,new_pension_pa,old_pension_20yr_pa,new_pension_20yr_pa,age,old_pension_total,new_pension_total_linear,new_pension_total_geomet,loss_percent,loss_pounds,number,binned_by_pc_loss,binned_by_pounds_loss,binned_by_salary,binned_by_age
1999,2500,0.04,0.03,1810,1340,1810,1100,22.5,36200,24400.0,24325.259802527227,32.59668508287293,11800.0,321,30-35%,0-50k,0-20k,20-30
1999,7500,0.04,0.03,5440,4030,5440,3330,22.5,108800,73600.0,73389.25052562506,32.35294117647059,35200.0,120,30-35%,0-50k,0-20k,20-30
1999,12500,0.04,0.03,9080,6730,9080,5560,22.5,181600,122900.0,122547.40992286314,32.32378854625551,58700.0,122,30-35%,50-100k,0-20k,20-30
1999,17500,0.04,0.03,12710,9400,12710,7770,22.5,254200,171700.0,171210.16562762138,32.45476003147128,82500.0,154,30-35%,50-100k,0-20k,20-30
1999,22500,0.04,0.03,16350,11600,16350,9630,22.5,327000,212300.0,211721.3979206078,35.07645259938838,114700.0,219,35-40%,100-150k,20-40k,20-30
1999,27500,0.04,0.03,19990,13330,19990,11170,22.5,399800,245000.0,244397.3830220788,38.71935967983992,154800.0,381,35-40%,150-200k,20-40k,20-30
1999,32500,0.04,0.03,23620,14820,23620,12550,22.5,472400,273700.0,273104.37517865445,42.06181202370872,198700.0,305,40-45%,150-200k,20-40k,20-30
1999,37500,0.04,0.03,27260,16190,27260,13880,22.5,545200,300700.0,300138.7288214369,44.8459280997799,244500.0,91,40-45%,200-250k,20-40k,20-30
1999,42500,0.04,0.03,30680,17510,30680,15200,22.5,613600,327100.0,326584.15482005046,46.69165580182529,286500.0,20,45-50%,250-300k,40-60k,20-30
1999,47500,0.04,0.03,33360,18840,33360,16530,22.5,667200,353700.0,353223.0410437587,46.98741007194245,313500.0,5,45-50%,300-350k,40-60k,20-30
1999,52500,0.04,0.03,35410,20160,35410,17850,22.5,708200,380100.0,379656.23627105256,46.32872070036713,328100.0,0,45-50%,300-350k,40-60k,20-30
1999,57500,0.04,0.03,37050,21490,37050,19180,22.5,741000,406700.0,406285.31219133193,45.11470985155196,334300.0,0,45-50%,300-350k,40-60k,20-30
1999,62500,0.04,0.03,38380,22800,38380,20490,22.5,767600,432900.0,432510.44935767195,43.60343929129755,334700.0,0,40-45%,300-350k,60-80k,20-30
1999,67500,0.04,0.03,39680,24100,39680,21790,22.5,793600,458900.0,458532.5509801008,42.174899193548384,334700.0,0,40-45%,300-350k,60-80k,20-30
1999,72500,0.04,0.03,40970,25390,40970,23080,22.5,819400,484700.0,484352.1342380483,40.84696119111545,334700.0,0,40-45%,300-350k,60-80k,20-30
1999,77500,0.04,0.03,42270,26690,42270,24380,22.5,845400,510700.0,510369.8641251527,39.59072628341613,334700.0,0,35-40%,300-350k,60-80k,20-30
1999,82500,0.04,0.03,43560,27980,43560,25670,22.5,871200,536500.0,536185.756290803,38.41827364554637,334700.0,0,35-40%,300-350k,80k+,20-30
1999,87500,0.04,0.03,44860,29280,44860,26970,22.5,897200,562500.0,562200.2947234386,37.30494872938029,334700.0,0,35-40%,300-350k,80k+,20-30
1999,92500,0.04,0.03,46150,30570,46150,28260,22.5,923000,588300.0,588013.4494128727,36.262188515709646,334700.0,0,35-40%,300-350k,80k+,20-30
1999,97500,0.04,0.03,47450,31860,47450,29550,22.5,949000,614100.0,613825.4974655362,35.289778714436245,334900.0,0,35-40%,300-350k,80k+,20-30
1999,102500,0.04,0.03,48740,33160,48740,30850,22.5,974800,640100.0,639836.6553001644,34.33524825605252,334700.0,0,30-35%,300-350k,80k+,20-30
1999,107500,0.04,0.03,50040,34450,50040,32140,22.5,1000800,665900.0,665646.8651559629,33.463229416466824,334900.0,0,30-35%,300-350k,80k+,20-30
1999,112500,0.04,0.03,51330,35750,51330,33440,22.5,1026600,691900.0,691656.3831436641,32.602766413403465,334700.0,0,30-35%,300-350k,80k+,20-30
1999,117500,0.04,0.03,52630,37040,52630,34730,22.5,1052600,717700.0,717465.1456527831,31.816454493634808,334900.0,0,30-35%,300-350k,80k+,20-30
1999,122500,0.04,0.03,53920,38340,53920,36030,22.5,1078400,743700.0,743473.3605406955,31.036721068249257,334700.0,0,30-35%,300-350k,80k+,20-30
1999,127500,0.04,0.03,55220,39630,55220,37320,22.5,1104400,769500.0,769280.9630842021,30.324157913799347,334900.0,0,30-35%,300-350k,80k+,20-30
1999,132500,0.04,0.03,56510,40930,56510,38620,22.5,1130200,795500.0,795288.1253270247,29.614227570341534,334700.0,0,25-30%,300-350k,80k+,20-30
1999,137500,0.04,0.03,57810,42220,57810,39910,22.5,1156200,821300.0,821094.7839293969,28.96557688981145,334900.0,0,25-30%,300-350k,80k+,20-30
1999,142500,0.04,0.03,59100,43520,59100,41210,22.5,1182000,847300.0,847101.083665277,28.316412859560067,334700.0,0,25-30%,300-350k,80k+,20-30
1999,147500,0.04,0.03,60390,44810,60390,42500,22.5,1207800,873100.0,872906.9638465792,27.711541645967877,334700.0,0,25-30%,300-350k,80k+,20-30
1999,200000,0.04,0.03,73990,58410,73990,56100,22.5,1479800,1145100.0,1144952.8279638,22.61792134072172,334700.0,0,20-25%,300-350k,80k+,20-30
1994,2500,0.04,0.03,1560,1180,1560,970,27.5,31200,21500.0,21435.060935686022,31.08974358974359,9700.0,1292,30-35%,0-50k,0-20k,20-30
1994,7500,0.04,0.03,4700,3560,4700,2940,27.5,94000,65000.0,64812.79200880629,30.851063829787233,29000.0,721,30-35%,0-50k,0-20k,20-30
1994,12500,0.04,0.03,7850,5940,7850,4910,27.5,157000,108500.0,108190.47979312236,30.89171974522293,48500.0,483,30-35%,0-50k,0-20k,20-30
1994,17500,0.04,0.03,10990,8310,10990,6870,27.5,219800,151800.0,151367.5897527522,30.937215650591448,68000.0,466,30-35%,50-100k,0-20k,20-30
1994,22500,0.04,0.03,14140,10460,14140,8670,27.5,282800,191300.0,190769.84178084784,32.35502121640736,91500.0,647,30-35%,50-100k,20-40k,20-30
1994,27500,0.04,0.03,17290,12090,17290,10100,27.5,345800,221900.0,221335.2188307607,35.82995951417004,123900.0,1209,35-40%,100-150k,20-40k,20-30
1994,32500,0.04,0.03,20430,13430,20430,11330,27.5,408600,247600.0,247036.46556922956,39.40283896231033,161000.0,3588,35-40%,150-200k,20-40k,20-30
1994,37500,0.04,0.03,23580,14620,23580,12480,27.5,471600,271000.0,270465.46106734197,42.53604749787956,200600.0,1722,40-45%,200-250k,20-40k,20-30
1994,42500,0.04,0.03,26690,15740,26690,13590,27.5,533800,293300.0,292801.59121085,45.05432746346946,240500.0,658,45-50%,200-250k,40-60k,20-30
1994,47500,0.04,0.03,29210,16870,29210,14720,27.5,584200,315900.0,315437.33995533705,45.92605272167066,268300.0,247,45-50%,250-300k,40-60k,20-30
1994,52500,0.04,0.03,31120,17990,31120,15840,27.5,622400,338300.0,337868.04276828584,45.64588688946015,284100.0,64,45-50%,250-300k,40-60k,20-30
1994,57500,0.04,0.03,32560,19130,32560,16980,27.5,651200,361100.0,360695.3701446174,44.5485257985258,290100.0,31,40-45%,250-300k,40-60k,20-30
1994,62500,0.04,0.03,33710,20230,33710,18080,27.5,674200,383100.0,382718.64681993943,43.177098783743695,291100.0,16,40-45%,250-300k,60-80k,20-30
1994,67500,0.04,0.03,34800,21320,34800,19170,27.5,696000,404900.0,404539.2108533129,41.82471264367816,291100.0,7,40-45%,250-300k,60-80k,20-30
1994,72500,0.04,0.03,35890,22420,35890,20270,27.5,717800,426900.0,426557.82974621316,40.52660908331011,290900.0,7,40-45%,250-300k,60-80k,20-30
1994,77500,0.04,0.03,36980,23510,36980,21360,27.5,739600,448700.0,448374.47492045205,39.33207138994051,290900.0,7,35-40%,250-300k,60-80k,20-30
1994,82500,0.04,0.03,38080,24600,38080,22450,27.5,761600,470500.0,470189.57492014323,38.22216386554622,291100.0,0,35-40%,250-300k,80k+,20-30
1994,87500,0.04,0.03,39170,25690,39170,23540,27.5,783400,492300.0,492003.3354644865,37.158539698749045,291100.0,0,35-40%,250-300k,80k+,20-30
1994,92500,0.04,0.03,40260,26790,40260,24640,27.5,805200,514300.0,514016.03786255803,36.127670144063586,290900.0,0,35-40%,250-300k,80k+,20-30
1994,97500,0.04,0.03,41350,27880,41350,25730,27.5,827000,536100.0,535827.5950356008,35.17533252720677,290900.0,0,35-40%,250-300k,80k+,20-30
1994,102500,0.04,0.03,42440,28970,42440,26820,27.5,848800,557900.0,557638.2478943536,34.27191328934967,290900.0,0,30-35%,250-300k,80k+,20-30
1994,107500,0.04,0.03,43540,30060,43540,27910,27.5,870800,579700.0,579448.0986199003,33.42903077629766,291100.0,0,30-35%,250-300k,80k+,20-30
1994,112500,0.04,0.03,44630,31150,44630,29000,27.5,892600,601500.0,601257.2345527302,32.61259242661887,291100.0,0,30-35%,250-300k,80k+,20-30
1994,117500,0.04,0.03,45720,32250,45720,30100,27.5,914400,623500.0,623265.8059876129,31.81321084864392,290900.0,0,30-35%,250-300k,80k+,20-30
1994,122500,0.04,0.03,46810,33340,46810,31190,27.5,936200,645300.0,645073.7224691523,31.072420422986543,290900.0,0,30-35%,250-300k,80k+,20-30
1994,127500,0.04,0.03,47900,34430,47900,32280,27.5,958000,667100.0,666881.1211041544,30.36534446764092,290900.0,0,30-35%,250-300k,80k+,20-30
1994,132500,0.04,0.03,49000,35520,49000,33370,27.5,980000,688900.0,688688.0511075535,29.70408163265306,291100.0,0,25-30%,250-300k,80k+,20-30
1994,137500,0.04,0.03,50090,36610,50090,34460,27.5,1001800,710700.0,710494.5556479384,29.057696146935516,291100.0,0,25-30%,250-300k,80k+,20-30
1994,142500,0.04,0.03,51180,37710,51180,35560,27.5,1023600,732700.0,732500.7271825925,28.419304415787416,290900.0,0,25-30%,250-300k,80k+,20-30
1994,147500,0.04,0.03,52270,38800,52270,36650,27.5,1045400,754500.0,754306.4873636856,27.826669217524394,290900.0,0,25-30%,250-300k,80k+,20-30
1994,200000,0.04,0.03,63740,50270,63740,48120,27.5,1274800,983900.0,983751.6187992995,22.819265767179164,290900.0,0,20-25%,250-300k,80k+,20-30
1989,2500,0.04,0.03,1330,1030,1330,850,32.5,26600,18800.0,18745.443117787225,29.32330827067669,7800.0,1029,25-30%,0-50k,0-20k,30-40
1989,7500,0.04,0.03,4000,3090,4000,2550,32.5,80000,56400.0,56236.329353361674,29.5,23600.0,893,25-30%,0-50k,0-20k,30-40
1989,12500,0.04,0.03,6690,5160,6690,4270,32.5,133800,94300.0,94034.11094895331,29.52167414050822,39500.0,698,25-30%,0-50k,0-20k,30-40
1989,17500,0.04,0.03,9360,7230,9360,5980,32.5,187200,132100.0,131725.58369518493,29.433760683760685,55100.0,787,25-30%,50-100k,0-20k,30-40
1989,22500,0.04,0.03,12040,9220,12040,7640,32.5,240800,168600.0,168131.3224801805,29.983388704318937,72200.0,979,25-30%,50-100k,20-40k,30-40
1989,27500,0.04,0.03,14720,10780,14720,8980,32.5,294400,197600.0,197081.0575704519,32.880434782608695,96800.0,1388,30-35%,50-100k,20-40k,30-40
1989,32500,0.04,0.03,17400,11990,17400,10070,32.5,348000,220600.0,220071.2213799233,36.60919540229885,127400.0,5863,35-40%,100-150k,20-40k,30-40
1989,37500,0.04,0.03,20080,13020,20080,11060,32.5,401600,240800.0,240295.31308432823,40.0398406374502,160800.0,6187,40-45%,150-200k,20-40k,30-40
1989,42500,0.04,0.03,22750,13970,22750,12010,32.5,455000,259800.0,259332.3393693435,42.9010989010989,195200.0,4283,40-45%,150-200k,40-60k,30-40
1989,47500,0.04,0.03,25140,14920,25140,12960,32.5,502800,278800.0,278364.29744520655,44.55051710421639,224000.0,2446,40-45%,200-250k,40-60k,30-40
1989,52500,0.04,0.03,26900,15860,26900,13900,32.5,538000,297600.0,297191.8876745188,44.68401486988848,240400.0,782,40-45%,200-250k,40-60k,30-40
1989,57500,0.04,0.03,28180,16810,28180,14850,32.5,563600,316600.0,316216.431356637,43.82540809084457,247000.0,415,40-45%,200-250k,40-60k,30-40
1989,62500,0.04,0.03,29130,17730,29130,15770,32.5,582600,335000.0,334637.53867043677,42.4991417782355,247600.0,156,40-45%,200-250k,60-80k,30-40
1989,67500,0.04,0.03,30040,18640,30040,16680,32.5,600800,353200.0,352856.24746129586,41.211717709720375,247600.0,73,40-45%,200-250k,60-80k,30-40
1989,72500,0.04,0.03,30950,19540,30950,17580,32.5,619000,371200.0,370872.9419532795,40.03231017770598,247800.0,52,40-45%,200-250k,60-80k,30-40
1989,77500,0.04,0.03,31850,20450,31850,18490,32.5,637000,389400.0,389088.24936911464,38.86970172684458,247600.0,23,35-40%,200-250k,60-80k,30-40
1989,82500,0.04,0.03,32760,21360,32760,19400,32.5,655200,407600.0,407302.1871280523,37.78998778998779,247600.0,19,35-40%,200-250k,80k+,30-40
1989,87500,0.04,0.03,33670,22270,33670,20310,32.5,673400,425800.0,425514.9312860597,36.76863676863677,247600.0,8,35-40%,200-250k,80k+,30-40
1989,92500,0.04,0.03,34570,23170,34570,21210,32.5,691400,443800.0,443526.50562628853,35.81139716517212,247600.0,17,35-40%,200-250k,80k+,30-40
1989,97500,0.04,0.03,35480,24080,35480,22120,32.5,709600,462000.0,461737.2902090779,34.89289740698985,247600.0,10,30-35%,200-250k,80k+,30-40
1989,102500,0.04,0.03,36390,24990,36390,23030,32.5,727800,480200.0,479947.2561669095,34.02033525693872,247600.0,8,30-35%,200-250k,80k+,30-40
1989,107500,0.04,0.03,37300,25890,37300,23930,32.5,746000,498200.0,497956.39550226653,33.2171581769437,247800.0,0,30-35%,200-250k,80k+,30-40
1989,112500,0.04,0.03,38200,26800,38200,24840,32.5,764000,516400.0,516164.9878184385,32.40837696335078,247600.0,11,30-35%,200-250k,80k+,30-40
1989,117500,0.04,0.03,39110,27710,39110,25750,32.5,782200,534600.0,534372.9944462569,31.654308361032985,247600.0,0,30-35%,200-250k,80k+,30-40
1989,122500,0.04,0.03,40020,28620,40020,26660,32.5,800400,552800.0,552580.4733158767,30.934532733633183,247600.0,5,30-35%,200-250k,80k+,30-40
1989,127500,0.04,0.03,40920,29520,40920,27560,32.5,818400,570800.0,570587.4004466776,30.254154447702835,247600.0,0,30-35%,200-250k,80k+,30-40
1989,132500,0.04,0.03,41830,30430,41830,28470,32.5,836600,589000.0,588793.9736790896,29.5959837437246,247600.0,0,25-30%,200-250k,80k+,30-40
1989,137500,0.04,0.03,42740,31340,42740,29380,32.5,854800,607200.0,607000.1525250311,28.965839962564342,247600.0,0,25-30%,200-250k,80k+,30-40
1989,142500,0.04,0.03,43650,32240,43650,30280,32.5,873000,625200.0,625005.9093520397,28.38487972508591,247800.0,0,25-30%,200-250k,80k+,30-40
1989,147500,0.04,0.03,44550,33150,44550,31190,32.5,891000,643400.0,643211.4023947164,27.789001122334454,247600.0,0,25-30%,200-250k,80k+,30-40
1989,200000,0.04,0.03,54080,42680,54080,40720,32.5,1081600,834000.0,833854.5185320299,22.892011834319526,247600.0,16,20-25%,200-250k,80k+,30-40
1984,2500,0.04,0.03,1110,870,1110,720,37.5,22200,15900.0,15855.206329899256,28.37837837837838,6300.0,711,25-30%,0-50k,0-20k,30-40
1984,7500,0.04,0.03,3340,2630,3340,2170,37.5,66800,48000.0,47860.44712490418,28.143712574850298,18800.0,779,25-30%,0-50k,0-20k,30-40
1984,12500,0.04,0.03,5570,4400,5570,3640,37.5,111400,80400.0,80172.591590061,27.82764811490126,31000.0,681,25-30%,0-50k,0-20k,30-40
1984,17500,0.04,0.03,7800,6150,7800,5090,37.5,156000,112400.0,112083.5712507806,27.94871794871795,43600.0,971,25-30%,0-50k,0-20k,30-40
1984,22500,0.04,0.03,10040,7920,10040,6560,37.5,200800,144800.0,144395.67428799006,27.888446215139442,56000.0,1276,25-30%,50-100k,20-40k,30-40
1984,27500,0.04,0.03,12270,9400,12270,7820,37.5,245400,172200.0,171741.16534737634,29.82885085574572,73200.0,1441,25-30%,50-100k,20-40k,30-40
1984,32500,0.04,0.03,14500,10500,14500,8800,37.5,290000,193000.0,192526.1522423624,33.44827586206897,97000.0,3773,30-35%,50-100k,20-40k,30-40
1984,37500,0.04,0.03,16740,11400,16740,9650,37.5,334800,210500.0,210039.71831789735,37.126642771804065,124300.0,4804,35-40%,100-150k,20-40k,30-40
1984,42500,0.04,0.03,18970,12170,18970,10420,37.5,379400,225900.0,225471.20107686587,40.458618871903006,153500.0,6333,40-45%,150-200k,40-60k,30-40
1984,47500,0.04,0.03,21120,12950,21120,11200,37.5,422400,241500.0,241098.9804293839,42.82670454545455,180900.0,4751,40-45%,150-200k,40-60k,30-40
1984,52500,0.04,0.03,22740,13720,22740,11970,37.5,454800,256900.0,256523.08133029455,43.51363236587511,197900.0,2655,40-45%,150-200k,40-60k,30-40
1984,57500,0.04,0.03,23880,14500,23880,12750,37.5,477600,272500.0,272144.70809341257,42.94388609715243,205100.0,1686,40-45%,200-250k,40-60k,30-40
1984,62500,0.04,0.03,24670,15260,24670,13510,37.5,493400,287700.0,287363.51732615166,41.69031211998379,205700.0,735,40-45%,200-250k,60-80k,30-40
1984,67500,0.04,0.03,25410,16000,25410,14250,37.5,508200,302500.0,302180.01015096635,40.476190476190474,205700.0,326,40-45%,200-250k,60-80k,30-40
1984,72500,0.04,0.03,26140,16730,26140,14980,37.5,522800,317100.0,316794.7677587734,39.34583014537108,205700.0,233,35-40%,200-250k,60-80k,30-40
1984,77500,0.04,0.03,26880,17470,26880,15720,37.5,537600,331900.0,331608.3992809694,38.26264880952381,205700.0,122,35-40%,200-250k,60-80k,30-40
1984,82500,0.04,0.03,27620,18210,27620,16460,37.5,552400,346700.0,346420.86450697936,37.23750905141202,205700.0,91,35-40%,200-250k,80k+,30-40
1984,87500,0.04,0.03,28360,18950,28360,17200,37.5,567200,361500.0,361232.3070662641,36.26586741889986,205700.0,47,35-40%,200-250k,80k+,30-40
1984,92500,0.04,0.03,29100,19690,29100,17940,37.5,582000,376300.0,376042.8479212161,35.34364261168385,205700.0,56,35-40%,200-250k,80k+,30-40
1984,97500,0.04,0.03,29840,20430,29840,18680,37.5,596800,391100.0,390852.58967126487,34.4671581769437,205700.0,40,30-35%,200-250k,80k+,30-40
1984,102500,0.04,0.03,30570,21160,30570,19410,37.5,611400,405700.0,405461.5022795375,33.644095518482175,205700.0,23,30-35%,200-250k,80k+,30-40
1984,107500,0.04,0.03,31310,21900,31310,20150,37.5,626200,420500.0,420269.90439267125,32.84893005429575,205700.0,16,30-35%,200-250k,80k+,30-40
1984,112500,0.04,0.03,32050,22640,32050,20890,37.5,641000,435300.0,435077.73440378817,32.090483619344774,205700.0,26,30-35%,200-250k,80k+,30-40
1984,117500,0.04,0.03,32790,23380,32790,21630,37.5,655800,450100.0,449885.0488436991,31.36627020433059,205700.0,15,30-35%,200-250k,80k+,30-40
1984,122500,0.04,0.03,33530,24120,33530,22370,37.5,670600,464900.0,464691.89703005494,30.674023262749778,205700.0,14,30-35%,200-250k,80k+,30-40
1984,127500,0.04,0.03,34270,24860,34270,23110,37.5,685400,479700.0,479498.32218264823,30.011672016340825,205700.0,7,30-35%,200-250k,80k+,30-40
1984,132500,0.04,0.03,35000,25590,35000,23840,37.5,700000,494300.0,494104.2831275396,29.385714285714286,205700.0,0,25-30%,200-250k,80k+,30-40
1984,137500,0.04,0.03,35740,26330,35740,24580,37.5,714800,509100.0,508909.9764351469,28.77728035814214,205700.0,6,25-30%,200-250k,80k+,30-40
1984,142500,0.04,0.03,36480,27070,36480,25320,37.5,729600,523900.0,523715.3477789165,28.193530701754387,205700.0,7,25-30%,200-250k,80k+,30-40
1984,147500,0.04,0.03,37220,27810,37220,26060,37.5,744400,538700.0,538520.4237265165,27.63299301450833,205700.0,0,25-30%,200-250k,80k+,30-40
1984,200000,0.04,0.03,44970,35560,44970,33810,37.5,899400,693700.0,693560.5637409063,22.870802757393818,205700.0,33,20-25%,200-250k,80k+,30-40
1979,2500,0.04,0.03,900,720,900,590,42.5,18000,13100.0,13059.15328087324,27.22222222222222,4900.0,490,25-30%,0-50k,0-20k,40-50
1979,7500,0.04,0.03,2700,2180,2700,1800,42.5,54000,39800.0,39685.147475425154,26.296296296296298,14200.0,630,25-30%,0-50k,0-20k,40-50
1979,12500,0.04,0.03,4510,3640,4510,3020,42.5,90200,66600.0,66417.31067263115,26.164079822616408,23600.0,697,25-30%,0-50k,0-20k,40-50
1979,17500,0.04,0.03,6310,5090,6310,4220,42.5,126200,93100.0,92842.66398961772,26.228209191759113,33100.0,907,25-30%,0-50k,0-20k,40-50
1979,22500,0.04,0.03,8130,6560,8130,5440,42.5,162600,120000.0,119669.1249309256,26.199261992619927,42600.0,1213,25-30%,0-50k,20-40k,40-50
1979,27500,0.04,0.03,9940,7930,9940,6590,42.5,198800,145200.0,144808.592101305,26.961770623742456,53600.0,1295,25-30%,50-100k,20-40k,40-50
1979,32500,0.04,0.03,11740,8940,11740,7470,42.5,234800,164100.0,163683.26944190505,30.110732538330495,70700.0,2614,30-35%,50-100k,20-40k,40-50
1979,37500,0.04,0.03,13560,9700,13560,8180,42.5,271200,178800.0,178391.15747560136,34.07079646017699,92400.0,2908,30-35%,50-100k,20-40k,40-50
1979,42500,0.04,0.03,15360,10320,15360,8800,42.5,307200,191200.0,190817.76525419424,37.760416666666664,116000.0,5017,35-40%,100-150k,40-60k,40-50
1979,47500,0.04,0.03,17170,10950,17170,9430,42.5,343400,203800.0,203441.4697382266,40.652300524170066,139600.0,4498,40-45%,100-150k,40-60k,40-50
1979,52500,0.04,0.03,18670,11570,18670,10050,42.5,373400,216200.0,215862.0890350624,42.09962506695233,157200.0,3415,40-45%,150-200k,40-60k,40-50
1979,57500,0.04,0.03,19660,12200,19660,10680,42.5,393200,228800.0,228480.74297705654,41.81078331637843,164400.0,2853,40-45%,150-200k,40-60k,40-50
1979,62500,0.04,0.03,20300,12800,20300,11280,42.5,406000,240800.0,240496.68757957747,40.689655172413794,165200.0,1733,40-45%,150-200k,60-80k,40-50
1979,67500,0.04,0.03,20880,13380,20880,11860,42.5,417600,252400.0,252110.65512719602,39.559386973180075,165200.0,802,35-40%,150-200k,60-80k,40-50
1979,72500,0.04,0.03,21470,13970,21470,12450,42.5,429400,264200.0,263923.60156863596,38.472286911970194,165200.0,581,35-40%,150-200k,60-80k,40-50
1979,77500,0.04,0.03,22050,14550,22050,13030,42.5,441000,275800.0,275535.24601751444,37.46031746031746,165200.0,294,35-40%,150-200k,60-80k,40-50
1979,82500,0.04,0.03,22640,15130,22640,13610,42.5,452800,287400.0,287145.9482839814,36.52826855123675,165400.0,266,35-40%,150-200k,80k+,40-50
1979,87500,0.04,0.03,23220,15720,23220,14200,42.5,464400,299200.0,298955.98179712216,35.572782084409994,165200.0,181,35-40%,150-200k,80k+,40-50
1979,92500,0.04,0.03,23800,16300,23800,14780,42.5,476000,310800.0,310565.10115512303,34.705882352941174,165200.0,125,30-35%,150-200k,80k+,40-50
1979,97500,0.04,0.03,24390,16890,24390,15370,42.5,487800,322600.0,322373.7036168863,33.866338663386635,165200.0,141,30-35%,150-200k,80k+,40-50
1979,102500,0.04,0.03,24970,17470,24970,15950,42.5,499400,334200.0,333981.5671387848,33.07969563476171,165200.0,80,30-35%,150-200k,80k+,40-50
1979,107500,0.04,0.03,25560,18050,25560,16530,42.5,511200,345800.0,345588.9022452003,32.35524256651017,165400.0,41,30-35%,150-200k,80k+,40-50
1979,112500,0.04,0.03,26140,18640,26140,17120,42.5,522800,357600.0,357395.87483061367,31.599081866870698,165200.0,36,30-35%,150-200k,80k+,40-50
1979,117500,0.04,0.03,26720,19220,26720,17700,42.5,534400,369200.0,369002.2941930945,30.91317365269461,165200.0,30,30-35%,150-200k,80k+,40-50
1979,122500,0.04,0.03,27310,19810,27310,18290,42.5,546200,381000.0,380808.4226488923,30.24533138044672,165200.0,22,30-35%,150-200k,80k+,40-50
1979,127500,0.04,0.03,27890,20390,27890,18870,42.5,557800,392600.0,392414.08770700404,29.616349946217284,165200.0,35,25-30%,150-200k,80k+,40-50
1979,132500,0.04,0.03,28480,20980,28480,19460,42.5,569600,404400.0,404219.51659808063,29.002808988764045,165200.0,23,25-30%,150-200k,80k+,40-50
1979,137500,0.04,0.03,29060,21560,29060,20040,42.5,581200,416000.0,415824.5529445149,28.42395044735031,165200.0,16,25-30%,150-200k,80k+,40-50
1979,142500,0.04,0.03,29650,22140,29650,20620,42.5,593000,427600.0,427429.3157531217,27.892074198988194,165400.0,22,25-30%,150-200k,80k+,40-50
1979,147500,0.04,0.03,30230,22730,30230,21210,42.5,604600,439400.0,439233.90241128183,27.32385047965597,165200.0,10,25-30%,150-200k,80k+,40-50
1979,200000,0.04,0.03,36360,28860,36360,27340,42.5,727200,562000.0,561870.152619814,22.71727172717272,165200.0,65,20-25%,150-200k,80k+,40-50
1974,2500,0.04,0.03,690,570,690,470,47.5,13800,10400.0,10369.56045221758,24.63768115942029,3400.0,456,20-25%,0-50k,0-20k,40-50
1974,7500,0.04,0.03,2090,1730,2090,1430,47.5,41800,31600.0,31509.842917031772,24.401913875598087,10200.0,526,20-25%,0-50k,0-20k,40-50
1974,12500,0.04,0.03,3500,2890,3500,2400,47.5,70000,52900.0,52756.34179292299,24.428571428571427,17100.0,622,20-25%,0-50k,0-20k,40-50
1974,17500,0.04,0.03,4900,4040,4900,3360,47.5,98000,74000.0,73802.2282558573,24.489795918367346,24000.0,728,20-25%,0-50k,0-20k,40-50
1974,22500,0.04,0.03,6310,5210,6310,4330,47.5,126200,95400.0,95143.07720167175,24.405705229793977,30800.0,992,20-25%,0-50k,20-40k,40-50
1974,27500,0.04,0.03,7720,6370,7720,5300,47.5,154400,116700.0,116389.49365542266,24.417098445595855,37700.0,1066,20-25%,0-50k,20-40k,40-50
1974,32500,0.04,0.03,9110,7290,9110,6090,47.5,182200,133800.0,133459.40531781994,26.564215148188804,48400.0,2088,25-30%,0-50k,20-40k,40-50
1974,37500,0.04,0.03,10520,7930,10520,6680,47.5,210400,146100.0,145761.6103567872,30.56083650190114,64300.0,1950,30-35%,50-100k,20-40k,40-50
1974,42500,0.04,0.03,11920,8420,11920,7170,47.5,238400,155900.0,155582.95752761824,34.605704697986575,82500.0,3673,30-35%,50-100k,40-60k,40-50
1974,47500,0.04,0.03,13330,8910,13330,7660,47.5,266600,165700.0,165401.76731193258,37.846961740435106,100900.0,3405,35-40%,100-150k,40-60k,40-50
1974,52500,0.04,0.03,14640,9380,14640,8130,47.5,292800,175100.0,174817.8224233877,40.19808743169399,117700.0,2667,40-45%,100-150k,40-60k,40-50
1974,57500,0.04,0.03,15510,9870,15510,8620,47.5,310200,184900.0,184632.81588117938,40.3932946486138,125300.0,2696,40-45%,100-150k,40-60k,40-50
1974,62500,0.04,0.03,16010,10340,16010,9090,47.5,320200,194300.0,194045.77126258137,39.31917551530294,125900.0,2111,35-40%,100-150k,60-80k,40-50
1974,67500,0.04,0.03,16450,10780,16450,9530,47.5,329000,203100.0,202856.8094005635,38.26747720364742,125900.0,1047,35-40%,100-150k,60-80k,40-50
1974,72500,0.04,0.03,16890,11220,16890,9970,47.5,337800,211900.0,211666.9280587609,37.27057430432208,125900.0,850,35-40%,100-150k,60-80k,40-50
1974,77500,0.04,0.03,17340,11670,17340,10420,47.5,346800,220900.0,220676.44056541895,36.30334486735871,125900.0,510,35-40%,100-150k,60-80k,40-50
1974,82500,0.04,0.03,17780,12110,17780,10860,47.5,355600,229700.0,229485.01913520842,35.404949381327334,125900.0,352,35-40%,100-150k,80k+,40-50
1974,87500,0.04,0.03,18220,12550,18220,11300,47.5,364400,238500.0,238292.9632045122,34.549945115257955,125900.0,295,30-35%,100-150k,80k+,40-50
1974,92500,0.04,0.03,18670,13000,18670,11750,47.5,373400,247500.0,247300.5022645753,33.71719335832887,125900.0,265,30-35%,100-150k,80k+,40-50
1974,97500,0.04,0.03,19110,13440,19110,12190,47.5,382200,256300.0,256107.36082689645,32.94086865515437,125900.0,194,30-35%,100-150k,80k+,40-50
1974,102500,0.04,0.03,19550,13880,19550,12630,47.5,391000,265100.0,264913.7632093643,32.19948849104859,125900.0,154,30-35%,100-150k,80k+,40-50
1974,107500,0.04,0.03,20000,14330,20000,13080,47.5,400000,274100.0,273919.88514892163,31.475,125900.0,121,30-35%,100-150k,80k+,40-50
1974,112500,0.04,0.03,20440,14770,20440,13520,47.5,408800,282900.0,282725.4938057559,30.797455968688844,125900.0,71,30-35%,100-150k,80k+,40-50
1974,117500,0.04,0.03,20880,15210,20880,13960,47.5,417600,291700.0,291530.76354538905,30.14846743295019,125900.0,57,30-35%,100-150k,80k+,40-50
1974,122500,0.04,0.03,21330,15660,21330,14410,47.5,426600,300700.0,300535.83356357703,29.512423816221286,125900.0,66,25-30%,100-150k,80k+,40-50
1974,127500,0.04,0.03,21770,16100,21770,14850,47.5,435400,309500.0,309340.50542334863,28.915939366100137,125900.0,37,25-30%,100-150k,80k+,40-50
1974,132500,0.04,0.03,22220,16540,22220,15290,47.5,444400,318300.0,318144.9186302614,28.375337533753374,126100.0,31,25-30%,100-150k,80k+,40-50
1974,137500,0.04,0.03,22660,16990,22660,15740,47.5,453200,327300.0,327149.18637832353,27.780229479258605,125900.0,30,25-30%,100-150k,80k+,40-50
1974,142500,0.04,0.03,23100,17430,23100,16180,47.5,462000,336100.0,335953.13803701615,27.251082251082252,125900.0,25,25-30%,100-150k,80k+,40-50
1974,147500,0.04,0.03,23550,17880,23550,16630,47.5,471000,345100.0,344956.970825333,26.730360934182592,125900.0,16,25-30%,100-150k,80k+,40-50
1974,200000,0.04,0.03,28200,22530,28200,21280,47.5,564000,438100.0,437987.34806175006,22.322695035460992,125900.0,108,20-25%,100-150k,80k+,40-50
1969,2500,0.04,0.03,500,420,500,350,52.5,10000,7700.0,7679.859856334265,23.0,2300.0,428,20-25%,0-50k,0-20k,50-60
1969,7500,0.04,0.03,1510,1280,1510,1060,52.5,30200,23400.0,23334.528290940834,22.516556291390728,6800.0,482,20-25%,0-50k,0-20k,50-60
1969,12500,0.04,0.03,2540,2150,2540,1790,52.5,50800,39400.0,39295.89399344639,22.440944881889763,11400.0,555,20-25%,0-50k,0-20k,50-60
1969,17500,0.04,0.03,3550,3000,3550,2500,52.5,71000,55000.0,54856.141830959044,22.535211267605632,16000.0,673,20-25%,0-50k,0-20k,50-60
1969,22500,0.04,0.03,4570,3870,4570,3230,52.5,91400,71000.0,70817.42445418383,22.319474835886215,20400.0,906,20-25%,0-50k,20-40k,50-60
1969,27500,0.04,0.03,5600,4740,5600,3960,52.5,112000,87000.0,86778.69012593458,22.321428571428573,25000.0,989,20-25%,0-50k,20-40k,50-60
1969,32500,0.04,0.03,6610,5540,6610,4630,52.5,132200,101700.0,101442.31508723118,23.07110438729198,30500.0,1744,20-25%,0-50k,20-40k,50-60
1969,37500,0.04,0.03,7630,6070,7630,5110,52.5,152600,111800.0,111539.17206902511,26.73656618610747,40800.0,1471,25-30%,0-50k,20-40k,50-60
1969,42500,0.04,0.03,8650,6430,8650,5470,52.5,173000,119000.0,118755.0100563411,31.213872832369944,54000.0,3058,30-35%,50-100k,40-60k,50-60
1969,47500,0.04,0.03,9670,6790,9670,5830,52.5,193400,126200.0,125969.0319161216,34.74663908996897,67200.0,2708,30-35%,50-100k,40-60k,50-60
1969,52500,0.04,0.03,10680,7150,10680,6190,52.5,213600,133400.0,133181.5334982729,37.546816479400746,80200.0,2376,35-40%,50-100k,40-60k,50-60
1969,57500,0.04,0.03,11440,7510,11440,6550,52.5,228800,140600.0,140392.74962757196,38.54895104895105,88200.0,2328,35-40%,50-100k,40-60k,50-60
1969,62500,0.04,0.03,11800,7840,11800,6880,52.5,236000,147200.0,147002.06373678497,37.6271186440678,88800.0,2099,35-40%,50-100k,60-80k,50-60
1969,67500,0.04,0.03,12120,8160,12120,7200,52.5,242400,153600.0,153410.32867966717,36.633663366336634,88800.0,1038,35-40%,50-100k,60-80k,50-60
1969,72500,0.04,0.03,12430,8470,12430,7510,52.5,248600,159800.0,159617.70212441645,35.720032180209174,88800.0,956,35-40%,50-100k,60-80k,50-60
1969,77500,0.04,0.03,12750,8790,12750,7830,52.5,255000,166200.0,166024.73478537286,34.8235294117647,88800.0,663,30-35%,50-100k,60-80k,50-60
1969,82500,0.04,0.03,13060,9100,13060,8140,52.5,261200,172400.0,172231.04846378005,33.996937212863706,88800.0,520,30-35%,50-100k,80k+,50-60
1969,87500,0.04,0.03,13380,9420,13380,8460,52.5,267600,178800.0,178637.10543177824,33.18385650224215,88800.0,476,30-35%,50-100k,80k+,50-60
1969,92500,0.04,0.03,13690,9730,13690,8770,52.5,273800,185000.0,184842.57258883194,32.432432432432435,88800.0,316,30-35%,50-100k,80k+,50-60
1969,97500,0.04,0.03,14010,10050,14010,9090,52.5,280200,191400.0,191247.84381373005,31.69164882226981,88800.0,265,30-35%,50-100k,80k+,50-60
1969,102500,0.04,0.03,14320,10360,14320,9400,52.5,286400,197600.0,197452.6240595242,31.00558659217877,88800.0,218,30-35%,50-100k,80k+,50-60
1969,107500,0.04,0.03,14640,10680,14640,9720,52.5,292800,204000.0,203857.25317365798,30.327868852459016,88800.0,162,30-35%,50-100k,80k+,50-60
1969,112500,0.04,0.03,14950,10990,14950,10030,52.5,299000,210200.0,210061.4683534674,29.698996655518396,88800.0,123,25-30%,50-100k,80k+,50-60
1969,117500,0.04,0.03,15270,11310,15270,10350,52.5,305400,216600.0,216465.56598213242,29.076620825147348,88800.0,106,25-30%,50-100k,80k+,50-60
1969,122500,0.04,0.03,15580,11620,15580,10660,52.5,311600,222800.0,222669.3107248617,28.498074454428753,88800.0,102,25-30%,50-100k,80k+,50-60
1969,127500,0.04,0.03,15900,11940,15900,10980,52.5,318000,229200.0,229072.96345499135,27.92452830188679,88800.0,67,25-30%,50-100k,80k+,50-60
1969,132500,0.04,0.03,16210,12250,16210,11290,52.5,324200,235400.0,235276.3123721827,27.390499691548428,88800.0,67,25-30%,50-100k,80k+,50-60
1969,137500,0.04,0.03,16530,12570,16530,11610,52.5,330600,241800.0,241679.58894671785,26.860254083484573,88800.0,49,25-30%,50-100k,80k+,50-60
1969,142500,0.04,0.03,16840,12880,16840,11920,52.5,336800,248000.0,247882.6016608211,26.36579572446556,88800.0,50,25-30%,50-100k,80k+,50-60
1969,147500,0.04,0.03,17160,13200,17160,12240,52.5,343200,254400.0,254285.55735111114,25.874125874125873,88800.0,30,25-30%,50-100k,80k+,50-60
1969,200000,0.04,0.03,20470,16510,20470,15550,52.5,409400,320600.0,320509.201138551,21.69027845627748,88800.0,217,20-25%,50-100k,80k+,50-60
1964,2500,0.04,0.03,320,280,320,230,57.5,6400,5100.0,5084.4802738129865,20.3125,1300.0,406,20-25%,0-50k,0-20k,50-60
1964,7500,0.04,0.03,960,840,960,700,57.5,19200,15400.0,15359.71971266853,19.791666666666668,3800.0,495,15-20%,0-50k,0-20k,50-60
1964,12500,0.04,0.03,1620,1410,1620,1180,57.5,32400,25900.0,25835.364808808466,20.061728395061728,6500.0,562,20-25%,0-50k,0-20k,50-60
1964,17500,0.04,0.03,2270,1970,2270,1650,57.5,45400,36200.0,36110.48493055977,20.26431718061674,9200.0,634,20-25%,0-50k,0-20k,50-60
1964,22500,0.04,0.03,2920,2540,2920,2140,57.5,58400,46800.0,46691.826810497245,19.863013698630137,11600.0,801,15-20%,0-50k,20-40k,50-60
1964,27500,0.04,0.03,3580,3110,3580,2620,57.5,71600,57300.0,57167.41819288699,19.972067039106147,14300.0,843,15-20%,0-50k,20-40k,50-60
1964,32500,0.04,0.03,4220,3670,4220,3090,57.5,84400,67600.0,67442.54322569985,19.90521327014218,16800.0,1452,15-20%,0-50k,20-40k,50-60
1964,37500,0.04,0.03,4880,4110,4880,3470,57.5,97600,75800.0,75629.03164449739,22.33606557377049,21800.0,1079,20-25%,0-50k,20-40k,50-60
1964,42500,0.04,0.03,5530,4350,5530,3710,57.5,110600,80600.0,80439.24886279396,27.124773960217,30000.0,2231,25-30%,0-50k,40-60k,50-60
1964,47500,0.04,0.03,6180,4600,6180,3960,57.5,123600,85600.0,85448.66750592258,30.74433656957929,38000.0,2019,30-35%,0-50k,40-60k,50-60
1964,52500,0.04,0.03,6830,4840,6830,4200,57.5,136600,90400.0,90256.72501617981,33.82137628111274,46200.0,1902,30-35%,0-50k,40-60k,50-60
1964,57500,0.04,0.03,7410,5080,7410,4440,57.5,148200,95200.0,95063.96689281832,35.76248313090419,53000.0,1916,35-40%,50-100k,40-60k,50-60
1964,62500,0.04,0.03,7660,5300,7660,4660,57.5,153200,99600.0,99469.9899626864,34.9869451697128,53600.0,1715,30-35%,50-100k,60-80k,50-60
1964,67500,0.04,0.03,7860,5500,7860,4860,57.5,157200,103600.0,103475.02010199043,34.096692111959285,53600.0,868,30-35%,50-100k,60-80k,50-60
1964,72500,0.04,0.03,8060,5690,8060,5050,57.5,161200,107400.0,107279.45065622643,33.37468982630273,53800.0,842,30-35%,50-100k,60-80k,50-60
1964,77500,0.04,0.03,8260,5890,8260,5250,57.5,165200,111400.0,111283.78695502841,32.56658595641647,53800.0,575,30-35%,50-100k,60-80k,50-60
1964,82500,0.04,0.03,8450,6090,8450,5450,57.5,169000,115400.0,115287.82187516379,31.715976331360945,53600.0,513,30-35%,50-100k,80k+,50-60
1964,87500,0.04,0.03,8650,6290,8650,5650,57.5,173000,119400.0,119291.5858040705,30.982658959537574,53600.0,545,30-35%,50-100k,80k+,50-60
1964,92500,0.04,0.03,8850,6490,8850,5850,57.5,177000,123400.0,123295.10517398271,30.282485875706215,53600.0,354,30-35%,50-100k,80k+,50-60
1964,97500,0.04,0.03,9050,6680,9050,6040,57.5,181000,127200.0,127098.24312621387,29.723756906077348,53800.0,271,25-30%,50-100k,80k+,50-60
1964,102500,0.04,0.03,9240,6880,9240,6240,57.5,184800,131200.0,131101.3494737979,29.004329004329005,53600.0,289,25-30%,50-100k,80k+,50-60
1964,107500,0.04,0.03,9440,7080,9440,6440,57.5,188800,135200.0,135104.27167356035,28.389830508474578,53600.0,211,25-30%,50-100k,80k+,50-60
1964,112500,0.04,0.03,9640,7280,9640,6640,57.5,192800,139200.0,139107.02563782118,27.800829875518673,53600.0,180,25-30%,50-100k,80k+,50-60
1964,117500,0.04,0.03,9840,7470,9840,6830,57.5,196800,143000.0,142909.49896299694,27.33739837398374,53800.0,124,25-30%,50-100k,80k+,50-60
1964,122500,0.04,0.03,10040,7670,10040,7030,57.5,200800,147000.0,146911.96410267433,26.792828685258964,53800.0,130,25-30%,50-100k,80k+,50-60
1964,127500,0.04,0.03,10230,7870,10230,7230,57.5,204600,151000.0,150914.29844582328,26.197458455522973,53600.0,117,25-30%,50-100k,80k+,50-60
1964,132500,0.04,0.03,10430,8070,10430,7430,57.5,208600,155000.0,154916.51213782196,25.69511025886865,53600.0,70,25-30%,50-100k,80k+,50-60
1964,137500,0.04,0.03,10630,8270,10630,7630,57.5,212600,159000.0,158918.61430080168,25.211665098777047,53600.0,81,25-30%,50-100k,80k+,50-60
1964,142500,0.04,0.03,10830,8460,10830,7820,57.5,216600,162800.0,162720.51555232247,24.83841181902124,53800.0,72,20-25%,50-100k,80k+,50-60
1964,147500,0.04,0.03,11020,8660,11020,8020,57.5,220400,166800.0,166722.42316991684,24.319419237749546,53600.0,61,20-25%,50-100k,80k+,50-60
1964,200000,0.04,0.03,13100,10740,13100,10100,57.5,262000,208400.0,208337.91751801228,20.458015267175572,53600.0,309,20-25%,50-100k,80k+,50-60
1959,2500,0.04,0.03,140,130,140,110,62.5,2800,2400.0,2394.7270666946115,14.285714285714286,400.0,310,10-15%,0-50k,0-20k,60-70
1959,7500,0.04,0.03,440,390,440,330,62.5,8800,7200.0,7184.1812000838345,18.181818181818183,1600.0,451,15-20%,0-50k,0-20k,60-70
1959,12500,0.04,0.03,750,670,750,570,62.5,15000,12400.0,12374.488819279248,17.333333333333332,2600.0,461,15-20%,0-50k,0-20k,60-70
1959,17500,0.04,0.03,1040,940,1040,810,62.5,20800,17500.0,17469.45878325697,15.865384615384615,3300.0,487,15-20%,0-50k,0-20k,60-70
1959,22500,0.04,0.03,1350,1210,1350,1040,62.5,27000,22500.0,22459.3767073417,16.666666666666668,4500.0,590,15-20%,0-50k,20-40k,60-70
1959,27500,0.04,0.03,1650,1490,1650,1280,62.5,33000,27700.0,27649.647256916294,16.060606060606062,5300.0,579,15-20%,0-50k,20-40k,60-70
1959,32500,0.04,0.03,1950,1760,1950,1520,62.5,39000,32800.0,32744.464944509848,15.897435897435898,6200.0,835,15-20%,0-50k,20-40k,60-70
1959,37500,0.04,0.03,2260,2020,2260,1740,62.5,45200,37600.0,37534.056946982375,16.8141592920354,7600.0,643,15-20%,0-50k,20-40k,60-70
1959,42500,0.04,0.03,2550,2160,2550,1880,62.5,51000,40400.0,40338.63944156449,20.784313725490197,10600.0,1166,20-25%,0-50k,40-60k,60-70
1959,47500,0.04,0.03,2860,2300,2860,2020,62.5,57200,43200.0,43142.62575963869,24.475524475524477,14000.0,1035,20-25%,0-50k,40-60k,60-70
1959,52500,0.04,0.03,3150,2430,3150,2150,62.5,63000,45800.0,45745.88951614187,27.3015873015873,17200.0,934,25-30%,0-50k,40-60k,60-70
1959,57500,0.04,0.03,3460,2570,3460,2290,62.5,69200,48600.0,48549.01269153003,29.76878612716763,20600.0,969,25-30%,0-50k,40-60k,60-70
1959,62500,0.04,0.03,3600,2680,3600,2400,62.5,72000,50800.0,50751.22446845423,29.444444444444443,21200.0,907,25-30%,0-50k,60-80k,60-70
1959,67500,0.04,0.03,3690,2770,3690,2490,62.5,73800,52600.0,52552.896164349244,28.726287262872628,21200.0,528,25-30%,0-50k,60-80k,60-70
1959,72500,0.04,0.03,3780,2860,3780,2580,62.5,75600,54400.0,54354.45699017058,28.04232804232804,21200.0,487,25-30%,0-50k,60-80k,60-70
1959,77500,0.04,0.03,3870,2950,3870,2670,62.5,77400,56200.0,56155.91762864479,27.39018087855297,21200.0,373,25-30%,0-50k,60-80k,60-70
1959,82500,0.04,0.03,3960,3040,3960,2760,62.5,79200,58000.0,57957.28743195584,26.767676767676768,21200.0,310,25-30%,0-50k,80k+,60-70
1959,87500,0.04,0.03,4050,3130,4050,2850,62.5,81000,59800.0,59758.574622757165,26.17283950617284,21200.0,320,25-30%,0-50k,80k+,60-70
1959,92500,0.04,0.03,4140,3220,4140,2940,62.5,82800,61600.0,61559.78645979139,25.603864734299517,21200.0,262,25-30%,0-50k,80k+,60-70
1959,97500,0.04,0.03,4230,3310,4230,3030,62.5,84600,63400.0,63360.92937518408,25.059101654846337,21200.0,213,25-30%,0-50k,80k+,60-70
1959,102500,0.04,0.03,4320,3400,4320,3120,62.5,86400,65200.0,65162.009088910934,24.537037037037038,21200.0,185,20-25%,0-50k,80k+,60-70
1959,107500,0.04,0.03,4420,3490,4420,3210,62.5,88400,67000.0,66963.03070474663,24.20814479638009,21400.0,153,20-25%,0-50k,80k+,60-70
1959,112500,0.04,0.03,4510,3580,4510,3300,62.5,90200,68800.0,68763.99879110229,23.725055432372507,21400.0,142,20-25%,0-50k,80k+,60-70
1959,117500,0.04,0.03,4600,3670,4600,3390,62.5,92000,70600.0,70564.91744945635,23.26086956521739,21400.0,106,20-25%,0-50k,80k+,60-70
1959,122500,0.04,0.03,4690,3760,4690,3480,62.5,93800,72400.0,72365.79037254782,22.81449893390192,21400.0,93,20-25%,0-50k,80k+,60-70
1959,127500,0.04,0.03,4780,3850,4780,3570,62.5,95600,74200.0,74166.62089407408,22.384937238493723,21400.0,76,20-25%,0-50k,80k+,60-70
1959,132500,0.04,0.03,4870,3940,4870,3660,62.5,97400,76000.0,75967.41203130712,21.971252566735114,21400.0,55,20-25%,0-50k,80k+,60-70
1959,137500,0.04,0.03,4960,4040,4960,3760,62.5,99200,78000.0,77968.24820226984,21.370967741935484,21200.0,37,20-25%,0-50k,80k+,60-70
1959,142500,0.04,0.03,5050,4130,5050,3850,62.5,101000,79800.0,79768.96488406444,20.99009900990099,21200.0,38,20-25%,0-50k,80k+,60-70
1959,147500,0.04,0.03,5140,4220,5140,3940,62.5,102800,81600.0,81569.64991706592,20.622568093385215,21200.0,42,20-25%,0-50k,80k+,60-70
1959,200000,0.04,0.03,6090,5170,6090,4890,62.5,121800,100600.0,100575.38468413381,17.4055829228243,21200.0,265,15-20%,0-50k,80k+,60-70
1956,2500,0.04,0.03,40,40,40,30,65.5,800,700.0,695.4639219751655,12.5,100.0,300,10-15%,0-50k,0-20k,60-70
1956,7500,0.04,0.03,140,130,140,120,65.5,2800,2500.0,2498.7363030795086,10.714285714285714,300.0,378,10-15%,0-50k,0-20k,60-70
1956,12500,0.04,0.03,240,230,240,210,65.5,4800,4400.0,4397.127604270813,8.333333333333334,400.0,376,5-10%,0-50k,0-20k,60-70
1956,17500,0.04,0.03,330,320,330,300,65.5,6600,6200.0,6197.962083298339,6.0606060606060606,400.0,367,5-10%,0-50k,0-20k,60-70
1956,22500,0.04,0.03,440,420,440,390,65.5,8800,8100.0,8096.489944535677,7.954545454545454,700.0,434,5-10%,0-50k,20-40k,60-70
1956,27500,0.04,0.03,540,520,540,490,65.5,10800,10100.0,10097.185372500977,6.481481481481482,700.0,358,5-10%,0-50k,20-40k,60-70
1956,32500,0.04,0.03,640,610,640,570,65.5,12800,11800.0,11795.716796870633,7.8125,1000.0,384,5-10%,0-50k,20-40k,60-70
1956,37500,0.04,0.03,740,710,740,670,65.5,14800,13800.0,13796.337852683024,6.756756756756757,1000.0,319,5-10%,0-50k,20-40k,60-70
1956,42500,0.04,0.03,840,780,840,730,65.5,16800,15100.0,15094.770168960269,10.119047619047619,1700.0,478,10-15%,0-50k,40-60k,60-70
1956,47500,0.04,0.03,940,860,940,810,65.5,18800,16700.0,16695.271482873457,11.170212765957446,2100.0,367,10-15%,0-50k,40-60k,60-70
1956,52500,0.04,0.03,1030,930,1030,880,65.5,20600,18100.0,18095.637379611737,12.135922330097088,2500.0,308,10-15%,0-50k,40-60k,60-70
1956,57500,0.04,0.03,1140,1010,1140,960,65.5,22800,19700.0,19695.991831203268,13.596491228070175,3100.0,393,10-15%,0-50k,40-60k,60-70
1956,62500,0.04,0.03,1190,1060,1190,1010,65.5,23800,20700.0,20696.185524313947,13.025210084033613,3100.0,351,10-15%,0-50k,60-80k,60-70
1956,67500,0.04,0.03,1220,1090,1220,1040,65.5,24400,21300.0,21296.293006360906,12.704918032786885,3100.0,201,10-15%,0-50k,60-80k,60-70
1956,72500,0.04,0.03,1250,1120,1250,1070,65.5,25000,21900.0,21896.394596454622,12.4,3100.0,217,10-15%,0-50k,60-80k,60-70
1956,77500,0.04,0.03,1280,1150,1280,1100,65.5,25600,22500.0,22496.490766210252,12.109375,3100.0,179,10-15%,0-50k,60-80k,60-70
1956,82500,0.04,0.03,1310,1180,1310,1130,65.5,26200,23100.0,23096.58193821154,11.83206106870229,3100.0,144,10-15%,0-50k,80k+,60-70
1956,87500,0.04,0.03,1340,1210,1340,1160,65.5,26800,23700.0,23696.66849222223,11.567164179104477,3100.0,178,10-15%,0-50k,80k+,60-70
1956,92500,0.04,0.03,1370,1240,1370,1190,65.5,27400,24300.0,24296.75077047627,11.313868613138686,3100.0,147,10-15%,0-50k,80k+,60-70
1956,97500,0.04,0.03,1400,1270,1400,1220,65.5,28000,24900.0,24896.82908220233,11.071428571428571,3100.0,114,10-15%,0-50k,80k+,60-70
1956,102500,0.04,0.03,1430,1300,1430,1250,65.5,28600,25500.0,25496.903707509904,10.839160839160838,3100.0,117,10-15%,0-50k,80k+,60-70
1956,107500,0.04,0.03,1460,1330,1460,1280,65.5,29200,26100.0,26096.97490073772,10.616438356164384,3100.0,64,10-15%,0-50k,80k+,60-70
1956,112500,0.04,0.03,1490,1360,1490,1310,65.5,29800,26700.0,26697.042893351674,10.40268456375839,3100.0,86,10-15%,0-50k,80k+,60-70
1956,117500,0.04,0.03,1520,1390,1520,1340,65.5,30400,27300.0,27297.107896459238,10.197368421052632,3100.0,57,10-15%,0-50k,80k+,60-70
1956,122500,0.04,0.03,1550,1420,1550,1370,65.5,31000,27900.0,27897.170103000146,10.0,3100.0,52,10-15%,0-50k,80k+,60-70
1956,127500,0.04,0.03,1580,1450,1580,1400,65.5,31600,28500.0,28497.22968965955,9.810126582278482,3100.0,39,5-10%,0-50k,80k+,60-70
1956,132500,0.04,0.03,1610,1480,1610,1430,65.5,32200,29100.0,29097.286818544562,9.627329192546584,3100.0,34,5-10%,0-50k,80k+,60-70
1956,137500,0.04,0.03,1640,1510,1640,1460,65.5,32800,29700.0,29697.341638657723,9.451219512195122,3100.0,31,5-10%,0-50k,80k+,60-70
1956,142500,0.04,0.03,1670,1540,1670,1490,65.5,33400,30300.0,30297.394287194977,9.281437125748504,3100.0,19,5-10%,0-50k,80k+,60-70
1956,147500,0.04,0.03,1700,1570,1700,1520,65.5,34000,30900.0,30897.444890692077,9.117647058823529,3100.0,22,5-10%,0-50k,80k+,60-70
1956,200000,0.04,0.03,2010,1890,2010,1840,65.5,40200,37300.0,37297.8833472094,7.213930348258707,2900.0,124,5-10%,0-50k,80k+,60-70
