dob,salary,salary_inc,inflation,old_pension_pa,new_pension_pa,old_pension_20yr_pa,new_pension_20yr_p
1999,2500,0.04,0.025,2040,1650,2040,1490
1999,7500,0.04,0.025,6120,4960,6120,4500
1999,12500,0.04,0.025,10220,8280,10220,7520
1999,17500,0.04,0.025,14310,11580,14310,10520
1999,22500,0.04,0.025,18400,14270,18400,12990
1999,27500,0.04,0.025,22490,16390,22490,14980
1999,32500,0.04,0.025,26560,18210,26560,16730
1999,37500,0.04,0.025,30050,19890,30050,18390
1999,42500,0.04,0.025,32870,21510,32870,20010
1999,47500,0.04,0.025,35220,23130,35220,21630
1999,52500,0.04,0.025,37240,24760,37240,23260
1999,57500,0.04,0.025,39010,26380,39010,24880
1999,62500,0.04,0.025,40630,27990,40630,26490
1999,67500,0.04,0.025,42230,29590,42230,28090
1999,72500,0.04,0.025,43830,31190,43830,29690
1999,77500,0.04,0.025,45430,32790,45430,31290
1999,82500,0.04,0.025,47030,34390,47030,32890
1999,87500,0.04,0.025,48630,35990,48630,34490
1999,92500,0.04,0.025,50230,37590,50230,36090
1999,97500,0.04,0.025,51830,39190,51830,37690
1999,102500,0.04,0.025,53430,40790,53430,39290
1999,107500,0.04,0.025,55030,42390,55030,40890
1999,112500,0.04,0.025,56630,43990,56630,42490
1999,117500,0.04,0.025,58230,45590,58230,44090
1999,122500,0.04,0.025,59830,47190,59830,45690
1999,127500,0.04,0.025,61430,48790,61430,47290
1999,132500,0.04,0.025,63030,50390,63030,48890
1999,137500,0.04,0.025,64630,51990,64630,50490
1999,142500,0.04,0.025,66230,53590,66230,52090
1999,147500,0.04,0.025,67830,55190,67830,53690
1999,200000,0.04,0.025,84630,71990,84630,70490
1999,2500,0.04,0.028,1900,1460,1900,1250
1999,7500,0.04,0.028,5700,4380,5700,3750
1999,12500,0.04,0.028,9520,7310,9520,6270
1999,17500,0.04,0.028,13330,10220,13330,8770
1999,22500,0.04,0.028,17130,12600,17130,10850
1999,27500,0.04,0.028,20950,14470,20950,12550
1999,32500,0.04,0.028,24750,16080,24750,14070
1999,37500,0.04,0.028,28510,17570,28510,15520
1999,42500,0.04,0.028,31630,19000,31630,16950
1999,47500,0.04,0.028,34110,20440,34110,18390
1999,52500,0.04,0.028,36120,21880,36120,19830
1999,57500,0.04,0.028,37780,23320,37780,21270
1999,62500,0.04,0.028,39210,24740,39210,22690
1999,67500,0.04,0.028,40620,26150,40620,24100
1999,72500,0.04,0.028,42030,27560,42030,25510
1999,77500,0.04,0.028,43440,28960,43440,26910
1999,82500,0.04,0.028,44850,30370,44850,28320
1999,87500,0.04,0.028,46260,31780,46260,29730
1999,92500,0.04,0.028,47670,33190,47670,31140
1999,97500,0.04,0.028,49080,34600,49080,32550
1999,102500,0.04,0.028,50490,36010,50490,33960
1999,107500,0.04,0.028,51900,37420,51900,35370
1999,112500,0.04,0.028,53300,38830,53300,36780
1999,117500,0.04,0.028,54710,40240,54710,38190
1999,122500,0.04,0.028,56120,41650,56120,39600
1999,127500,0.04,0.028,57530,43050,57530,41000
1999,132500,0.04,0.028,58940,44460,58940,42410
1999,137500,0.04,0.028,60350,45870,60350,43820
1999,142500,0.04,0.028,61760,47280,61760,45230
1999,147500,0.04,0.028,63170,48690,63170,46640
1999,200000,0.04,0.028,77960,63480,77960,61430
1999,2500,0.04,0.03,1810,1340,1810,1100
1999,7500,0.04,0.03,5440,4030,5440,3330
1999,12500,0.04,0.03,9080,6730,9080,5560
1999,17500,0.04,0.03,12710,9400,12710,7770
1999,22500,0.04,0.03,16350,11600,16350,9630
1999,27500,0.04,0.03,19990,13330,19990,11170
1999,32500,0.04,0.03,23620,14820,23620,12550
1999,37500,0.04,0.03,27260,16190,27260,13880
1999,42500,0.04,0.03,30680,17510,30680,15200
1999,47500,0.04,0.03,33360,18840,33360,16530
1999,52500,0.04,0.03,35410,20160,35410,17850
1999,57500,0.04,0.03,37050,21490,37050,19180
1999,62500,0.04,0.03,38380,22800,38380,20490
1999,67500,0.04,0.03,39680,24100,39680,21790
1999,72500,0.04,0.03,40970,25390,40970,23080
1999,77500,0.04,0.03,42270,26690,42270,24380
1999,82500,0.04,0.03,43560,27980,43560,25670
1999,87500,0.04,0.03,44860,29280,44860,26970
1999,92500,0.04,0.03,46150,30570,46150,28260
1999,97500,0.04,0.03,47450,31860,47450,29550
1999,102500,0.04,0.03,48740,33160,48740,30850
1999,107500,0.04,0.03,50040,34450,50040,32140
1999,112500,0.04,0.03,51330,35750,51330,33440
1999,117500,0.04,0.03,52630,37040,52630,34730
1999,122500,0.04,0.03,53920,38340,53920,36030
1999,127500,0.04,0.03,55220,39630,55220,37320
1999,132500,0.04,0.03,56510,40930,56510,38620
1999,137500,0.04,0.03,57810,42220,57810,39910
1999,142500,0.04,0.03,59100,43520,59100,41210
1999,147500,0.04,0.03,60390,44810,60390,42500
1999,200000,0.04,0.03,73990,58410,73990,56100
1994,2500,0.04,0.025,1740,1420,1740,1290
1994,7500,0.04,0.025,5220,4270,5220,3880
1994,12500,0.04,0.025,8710,7130,8710,6480
1994,17500,0.04,0.025,12210,9990,12210,9080
1994,22500,0.04,0.025,15690,12550,15690,11410
1994,27500,0.04,0.025,19180,14500,19180,13230
1994,32500,0.04,0.025,22670,16110,22670,14770
1994,37500,0.04,0.025,25960,17540,25960,16180
1994,42500,0.04,0.025,28590,18880,28590,17520
1994,47500,0.04,0.025,30730,20230,30730,18870
1994,52500,0.04,0.025,32510,21570,32510,20210
1994,57500,0.04,0.025,34020,22910,34020,21550
1994,62500,0.04,0.025,35360,24240,35360,22880
1994,67500,0.04,0.025,36680,25560,36680,24200
1994,72500,0.04,0.025,38000,26880,38000,25520
1994,77500,0.04,0.025,39310,28190,39310,26830
1994,82500,0.04,0.025,40630,29510,40630,28150
1994,87500,0.04,0.025,41950,30830,41950,29470
1994,92500,0.04,0.025,43270,32150,43270,30790
1994,97500,0.04,0.025,44580,33460,44580,32100
1994,102500,0.04,0.025,45900,34780,45900,33420
1994,107500,0.04,0.025,47220,36100,47220,34740
1994,112500,0.04,0.025,48530,37410,48530,36050
1994,117500,0.04,0.025,49850,38730,49850,37370
1994,122500,0.04,0.025,51170,40050,51170,38690
1994,127500,0.04,0.025,52490,41370,52490,40010
1994,132500,0.04,0.025,53800,42680,53800,41320
1994,137500,0.04,0.025,55120,44000,55120,42640
1994,142500,0.04,0.025,56440,45320,56440,43960
1994,147500,0.04,0.025,57760,46630,57760,45270
1994,200000,0.04,0.025,71590,60470,71590,59110
1994,2500,0.04,0.028,1630,1270,1630,1090
1994,7500,0.04,0.028,4900,3830,4900,3280
1994,12500,0.04,0.028,8180,6390,8180,5480
1994,17500,0.04,0.028,11470,8950,11470,7680
1994,22500,0.04,0.028,14740,11240,14740,9670
1994,27500,0.04,0.028,18020,13000,18020,11250
1994,32500,0.04,0.028,21290,14440,21290,12590
1994,37500,0.04,0.028,24570,15720,24570,13830
1994,42500,0.04,0.028,27530,16930,27530,15040
1994,47500,0.04,0.028,29840,18140,29840,16250
1994,52500,0.04,0.028,31660,19350,31660,17460
1994,57500,0.04,0.028,33110,20560,33110,18670
1994,62500,0.04,0.028,34320,21750,34320,19860
1994,67500,0.04,0.028,35490,22920,35490,21030
1994,72500,0.04,0.028,36670,24100,36670,22210
1994,77500,0.04,0.028,37850,25280,37850,23390
1994,82500,0.04,0.028,39030,26450,39030,24560
1994,87500,0.04,0.028,40200,27630,40200,25740
1994,92500,0.04,0.028,41380,28810,41380,26920
1994,97500,0.04,0.028,42560,29980,42560,28090
1994,102500,0.04,0.028,43730,31160,43730,29270
1994,107500,0.04,0.028,44910,32340,44910,30450
1994,112500,0.04,0.028,46090,33520,46090,31630
1994,117500,0.04,0.028,47260,34690,47260,32800
1994,122500,0.04,0.028,48440,35870,48440,33980
1994,127500,0.04,0.028,49620,37050,49620,35160
1994,132500,0.04,0.028,50800,38220,50800,36330
1994,137500,0.04,0.028,51970,39400,51970,37510
1994,142500,0.04,0.028,53150,40580,53150,38690
1994,147500,0.04,0.028,54330,41750,54330,39860
1994,200000,0.04,0.028,66690,54110,66690,52220
1994,2500,0.04,0.03,1560,1180,1560,970
1994,7500,0.04,0.03,4700,3560,4700,2940
1994,12500,0.04,0.03,7850,5940,7850,4910
1994,17500,0.04,0.03,10990,8310,10990,6870
1994,22500,0.04,0.03,14140,10460,14140,8670
1994,27500,0.04,0.03,17290,12090,17290,10100
1994,32500,0.04,0.03,20430,13430,20430,11330
1994,37500,0.04,0.03,23580,14620,23580,12480
1994,42500,0.04,0.03,26690,15740,26690,13590
1994,47500,0.04,0.03,29210,16870,29210,14720
1994,52500,0.04,0.03,31120,17990,31120,15840
1994,57500,0.04,0.03,32560,19130,32560,16980
1994,62500,0.04,0.03,33710,20230,33710,18080
1994,67500,0.04,0.03,34800,21320,34800,19170
1994,72500,0.04,0.03,35890,22420,35890,20270
1994,77500,0.04,0.03,36980,23510,36980,21360
1994,82500,0.04,0.03,38080,24600,38080,22450
1994,87500,0.04,0.03,39170,25690,39170,23540
1994,92500,0.04,0.03,40260,26790,40260,24640
1994,97500,0.04,0.03,41350,27880,41350,25730
1994,102500,0.04,0.03,42440,28970,42440,26820
1994,107500,0.04,0.03,43540,30060,43540,27910
1994,112500,0.04,0.03,44630,31150,44630,29000
1994,117500,0.04,0.03,45720,32250,45720,30100
1994,122500,0.04,0.03,46810,33340,46810,31190
1994,127500,0.04,0.03,47900,34430,47900,32280
1994,132500,0.04,0.03,49000,35520,49000,33370
1994,137500,0.04,0.03,50090,36610,50090,34460
1994,142500,0.04,0.03,51180,37710,51180,35560
1994,147500,0.04,0.03,52270,38800,52270,36650
1994,200000,0.04,0.03,63740,50270,63740,48120
1989,2500,0.04,0.025,1460,1200,1460,1090
1989,7500,0.04,0.025,4380,3620,4380,3290
1989,12500,0.04,0.025,7310,6050,7310,5500
1989,17500,0.04,0.025,10250,8480,10250,7710
1989,22500,0.04,0.025,13170,10810,13170,9830
1989,27500,0.04,0.025,16110,12630,16110,11510
1989,32500,0.04,0.025,19030,14040,19030,12850
1989,37500,0.04,0.025,21940,15250,21940,14040
1989,42500,0.04,0.025,24410,16350,24410,15130
1989,47500,0.04,0.025,26370,17450,26370,16230
1989,52500,0.04,0.025,27940,18550,27940,17330
1989,57500,0.04,0.025,29230,19650,29230,18430
1989,62500,0.04,0.025,30310,20730,30310,19510
1989,67500,0.04,0.025,31380,21790,31380,20570
1989,72500,0.04,0.025,32450,22860,32450,21640
1989,77500,0.04,0.025,33520,23930,33520,22710
1989,82500,0.04,0.025,34580,25000,34580,23780
1989,87500,0.04,0.025,35650,26070,35650,24850
1989,92500,0.04,0.025,36720,27130,36720,25910
1989,97500,0.04,0.025,37790,28200,37790,26980
1989,102500,0.04,0.025,38860,29270,38860,28050
1989,107500,0.04,0.025,39920,30340,39920,29120
1989,112500,0.04,0.025,40990,31400,40990,30180
1989,117500,0.04,0.025,42060,32470,42060,31250
1989,122500,0.04,0.025,43130,33540,43130,32320
1989,127500,0.04,0.025,44190,34610,44190,33390
1989,132500,0.04,0.025,45260,35680,45260,34460
1989,137500,0.04,0.025,46330,36740,46330,35520
1989,142500,0.04,0.025,47400,37810,47400,36590
1989,147500,0.04,0.025,48470,38880,48470,37660
1989,200000,0.04,0.025,59680,50090,59680,48870
1989,2500,0.04,0.028,1380,1090,1380,930
1989,7500,0.04,0.028,4150,3290,4150,2820
1989,12500,0.04,0.028,6930,5500,6930,4720
1989,17500,0.04,0.028,9710,7710,9710,6620
1989,22500,0.04,0.028,12480,9830,12480,8450
1989,27500,0.04,0.028,15260,11480,15260,9910
1989,32500,0.04,0.028,18030,12770,18030,11100
1989,37500,0.04,0.028,20810,13870,20810,12160
1989,42500,0.04,0.028,23500,14870,23500,13160
1989,47500,0.04,0.028,25660,15880,25660,14170
1989,52500,0.04,0.028,27310,16890,27310,15180
1989,57500,0.04,0.028,28580,17880,28580,16170
1989,62500,0.04,0.028,29580,18870,29580,17160
1989,67500,0.04,0.028,30550,19840,30550,18130
1989,72500,0.04,0.028,31520,20800,31520,19090
1989,77500,0.04,0.028,32490,21770,32490,20060
1989,82500,0.04,0.028,33460,22740,33460,21030
1989,87500,0.04,0.028,34420,23710,34420,22000
1989,92500,0.04,0.028,35390,24680,35390,22970
1989,97500,0.04,0.028,36360,25640,36360,23930
1989,102500,0.04,0.028,37330,26610,37330,24900
1989,107500,0.04,0.028,38300,27580,38300,25870
1989,112500,0.04,0.028,39260,28550,39260,26840
1989,117500,0.04,0.028,40230,29520,40230,27810
1989,122500,0.04,0.028,41200,30490,41200,28780
1989,127500,0.04,0.028,42170,31450,42170,29740
1989,132500,0.04,0.028,43140,32420,43140,30710
1989,137500,0.04,0.028,44110,33390,44110,31680
1989,142500,0.04,0.028,45070,34360,45070,32650
1989,147500,0.04,0.028,46040,35330,46040,33620
1989,200000,0.04,0.028,56210,45490,56210,43780
1989,2500,0.04,0.03,1330,1030,1330,850
1989,7500,0.04,0.03,4000,3090,4000,2550
1989,12500,0.04,0.03,6690,5160,6690,4270
1989,17500,0.04,0.03,9360,7230,9360,5980
1989,22500,0.04,0.03,12040,9220,12040,7640
1989,27500,0.04,0.03,14720,10780,14720,8980
1989,32500,0.04,0.03,17400,11990,17400,10070
1989,37500,0.04,0.03,20080,13020,20080,11060
1989,42500,0.04,0.03,22750,13970,22750,12010
1989,47500,0.04,0.03,25140,14920,25140,12960
1989,52500,0.04,0.03,26900,15860,26900,13900
1989,57500,0.04,0.03,28180,16810,28180,14850
1989,62500,0.04,0.03,29130,17730,29130,15770
1989,67500,0.04,0.03,30040,18640,30040,16680
1989,72500,0.04,0.03,30950,19540,30950,17580
1989,77500,0.04,0.03,31850,20450,31850,18490
1989,82500,0.04,0.03,32760,21360,32760,19400
1989,87500,0.04,0.03,33670,22270,33670,20310
1989,92500,0.04,0.03,34570,23170,34570,21210
1989,97500,0.04,0.03,35480,24080,35480,22120
1989,102500,0.04,0.03,36390,24990,36390,23030
1989,107500,0.04,0.03,37300,25890,37300,23930
1989,112500,0.04,0.03,38200,26800,38200,24840
1989,117500,0.04,0.03,39110,27710,39110,25750
1989,122500,0.04,0.03,40020,28620,40020,26660
1989,127500,0.04,0.03,40920,29520,40920,27560
1989,132500,0.04,0.03,41830,30430,41830,28470
1989,137500,0.04,0.03,42740,31340,42740,29380
1989,142500,0.04,0.03,43650,32240,43650,30280
1989,147500,0.04,0.03,44550,33150,44550,31190
1989,200000,0.04,0.03,54080,42680,54080,40720
1984,2500,0.04,0.025,1200,1000,1200,900
1984,7500,0.04,0.025,3600,3010,3600,2730
1984,12500,0.04,0.025,6010,5030,6010,4570
1984,17500,0.04,0.025,8430,7050,8430,6410
1984,22500,0.04,0.025,10830,9050,10830,8230
1984,27500,0.04,0.025,13240,10740,13240,9780
1984,32500,0.04,0.025,15650,12010,15650,10980
1984,37500,0.04,0.025,18060,13020,18060,11960
1984,42500,0.04,0.025,20330,13890,20330,12830
1984,47500,0.04,0.025,22120,14780,22120,13720
1984,52500,0.04,0.025,23520,15670,23520,14610
1984,57500,0.04,0.025,24600,16540,24600,15480
1984,62500,0.04,0.025,25480,17410,25480,16350
1984,67500,0.04,0.025,26330,18250,26330,17190
1984,72500,0.04,0.025,27180,19100,27180,18040
1984,77500,0.04,0.025,28020,19950,28020,18890
1984,82500,0.04,0.025,28870,20800,28870,19740
1984,87500,0.04,0.025,29720,21650,29720,20590
1984,92500,0.04,0.025,30570,22490,30570,21430
1984,97500,0.04,0.025,31420,23340,31420,22280
1984,102500,0.04,0.025,32260,24190,32260,23130
1984,107500,0.04,0.025,33110,25040,33110,23980
1984,112500,0.04,0.025,33960,25890,33960,24830
1984,117500,0.04,0.025,34810,26740,34810,25680
1984,122500,0.04,0.025,35660,27580,35660,26520
1984,127500,0.04,0.025,36500,28430,36500,27370
1984,132500,0.04,0.025,37350,29280,37350,28220
1984,137500,0.04,0.025,38200,30130,38200,29070
1984,142500,0.04,0.025,39050,30980,39050,29920
1984,147500,0.04,0.025,39900,31820,39900,30760
1984,200000,0.04,0.025,48800,40730,48800,39670
1984,2500,0.04,0.028,1140,920,1140,790
1984,7500,0.04,0.028,3440,2770,3440,2380
1984,12500,0.04,0.028,5740,4640,5740,3990
1984,17500,0.04,0.028,8050,6500,8050,5590
1984,22500,0.04,0.028,10340,8350,10340,7180
1984,27500,0.04,0.028,12650,9920,12650,8550
1984,32500,0.04,0.028,14940,11080,14940,9610
1984,37500,0.04,0.028,17250,12020,17250,10510
1984,42500,0.04,0.028,19550,12830,19550,11320
1984,47500,0.04,0.028,21560,13650,21560,12140
1984,52500,0.04,0.028,23060,14470,23060,12960
1984,57500,0.04,0.028,24160,15290,24160,13780
1984,62500,0.04,0.028,24980,16080,24980,14570
1984,67500,0.04,0.028,25760,16860,25760,15350
1984,72500,0.04,0.028,26540,17640,26540,16130
1984,77500,0.04,0.028,27320,18420,27320,16910
1984,82500,0.04,0.028,28100,19200,28100,17690
1984,87500,0.04,0.028,28880,19980,28880,18470
1984,92500,0.04,0.028,29660,20760,29660,19250
1984,97500,0.04,0.028,30440,21540,30440,20030
1984,102500,0.04,0.028,31220,22320,31220,20810
1984,107500,0.04,0.028,32000,23100,32000,21590
1984,112500,0.04,0.028,32780,23890,32780,22380
1984,117500,0.04,0.028,33560,24670,33560,23160
1984,122500,0.04,0.028,34340,25450,34340,23940
1984,127500,0.04,0.028,35120,26230,35120,24720
1984,132500,0.04,0.028,35900,27010,35900,25500
1984,137500,0.04,0.028,36680,27790,36680,26280
1984,142500,0.04,0.028,37460,28570,37460,27060
1984,147500,0.04,0.028,38240,29350,38240,27840
1984,200000,0.04,0.028,46440,37540,46440,36030
1984,2500,0.04,0.03,1110,870,1110,720
1984,7500,0.04,0.03,3340,2630,3340,2170
1984,12500,0.04,0.03,5570,4400,5570,3640
1984,17500,0.04,0.03,7800,6150,7800,5090
1984,22500,0.04,0.03,10040,7920,10040,6560
1984,27500,0.04,0.03,12270,9400,12270,7820
1984,32500,0.04,0.03,14500,10500,14500,8800
1984,37500,0.04,0.03,16740,11400,16740,9650
1984,42500,0.04,0.03,18970,12170,18970,10420
1984,47500,0.04,0.03,21120,12950,21120,11200
1984,52500,0.04,0.03,22740,13720,22740,11970
1984,57500,0.04,0.03,23880,14500,23880,12750
1984,62500,0.04,0.03,24670,15260,24670,13510
1984,67500,0.04,0.03,25410,16000,25410,14250
1984,72500,0.04,0.03,26140,16730,26140,14980
1984,77500,0.04,0.03,26880,17470,26880,15720
1984,82500,0.04,0.03,27620,18210,27620,16460
1984,87500,0.04,0.03,28360,18950,28360,17200
1984,92500,0.04,0.03,29100,19690,29100,17940
1984,97500,0.04,0.03,29840,20430,29840,18680
1984,102500,0.04,0.03,30570,21160,30570,19410
1984,107500,0.04,0.03,31310,21900,31310,20150
1984,112500,0.04,0.03,32050,22640,32050,20890
1984,117500,0.04,0.03,32790,23380,32790,21630
1984,122500,0.04,0.03,33530,24120,33530,22370
1984,127500,0.04,0.03,34270,24860,34270,23110
1984,132500,0.04,0.03,35000,25590,35000,23840
1984,137500,0.04,0.03,35740,26330,35740,24580
1984,142500,0.04,0.03,36480,27070,36480,25320
1984,147500,0.04,0.03,37220,27810,37220,26060
1984,200000,0.04,0.03,44970,35560,44970,33810
1979,2500,0.04,0.025,950,810,950,730
1979,7500,0.04,0.025,2870,2430,2870,2210
1979,12500,0.04,0.025,4800,4060,4800,3690
1979,17500,0.04,0.025,6730,5690,6730,5180
1979,22500,0.04,0.025,8650,7320,8650,6660
1979,27500,0.04,0.025,10580,8850,10580,8060
1979,32500,0.04,0.025,12500,9980,12500,9110
1979,37500,0.04,0.025,14430,10820,14430,9920
1979,42500,0.04,0.025,16350,11510,16350,10610
1979,47500,0.04,0.025,17990,12210,17990,11310
1979,52500,0.04,0.025,19230,12900,19230,12000
1979,57500,0.04,0.025,20140,13590,20140,12690
1979,62500,0.04,0.025,20820,14260,20820,13360
1979,67500,0.04,0.025,21480,14920,21480,14020
1979,72500,0.04,0.025,22130,15570,22130,14670
1979,77500,0.04,0.025,22790,16230,22790,15330
1979,82500,0.04,0.025,23440,16880,23440,15980
1979,87500,0.04,0.025,24100,17540,24100,16640
1979,92500,0.04,0.025,24750,18190,24750,17290
1979,97500,0.04,0.025,25410,18850,25410,17950
1979,102500,0.04,0.025,26060,19500,26060,18600
1979,107500,0.04,0.025,26720,20150,26720,19250
1979,112500,0.04,0.025,27370,20810,27370,19910
1979,117500,0.04,0.025,28030,21460,28030,20560
1979,122500,0.04,0.025,28680,22120,28680,21220
1979,127500,0.04,0.025,29340,22770,29340,21870
1979,132500,0.04,0.025,29990,23430,29990,22530
1979,137500,0.04,0.025,30650,24080,30650,23180
1979,142500,0.04,0.025,31300,24740,31300,23840
1979,147500,0.04,0.025,31960,25390,31960,24490
1979,200000,0.04,0.025,38840,32270,38840,31370
1979,2500,0.04,0.028,920,750,920,640
1979,7500,0.04,0.028,2770,2270,2770,1950
1979,12500,0.04,0.028,4630,3800,4630,3270
1979,17500,0.04,0.028,6480,5330,6480,4590
1979,22500,0.04,0.028,8330,6850,8330,5900
1979,27500,0.04,0.028,10190,8290,10190,7140
1979,32500,0.04,0.028,12040,9340,12040,8090
1979,37500,0.04,0.028,13900,10130,13900,8830
1979,42500,0.04,0.028,15740,10780,15740,9480
1979,47500,0.04,0.028,17550,11430,17550,10130
1979,52500,0.04,0.028,18910,12090,18910,10790
1979,57500,0.04,0.028,19840,12730,19840,11430
1979,62500,0.04,0.028,20490,13360,20490,12060
1979,67500,0.04,0.028,21110,13970,21110,12670
1979,72500,0.04,0.028,21720,14580,21720,13280
1979,77500,0.04,0.028,22330,15200,22330,13900
1979,82500,0.04,0.028,22940,15810,22940,14510
1979,87500,0.04,0.028,23550,16420,23550,15120
1979,92500,0.04,0.028,24160,17030,24160,15730
1979,97500,0.04,0.028,24770,17640,24770,16340
1979,102500,0.04,0.028,25390,18250,25390,16950
1979,107500,0.04,0.028,26000,18860,26000,17560
1979,112500,0.04,0.028,26610,19480,26610,18180
1979,117500,0.04,0.028,27220,20090,27220,18790
1979,122500,0.04,0.028,27830,20700,27830,19400
1979,127500,0.04,0.028,28440,21310,28440,20010
1979,132500,0.04,0.028,29060,21920,29060,20620
1979,137500,0.04,0.028,29670,22530,29670,21230
1979,142500,0.04,0.028,30280,23140,30280,21840
1979,147500,0.04,0.028,30890,23760,30890,22460
1979,200000,0.04,0.028,37310,30180,37310,28880
1979,2500,0.04,0.03,900,720,900,590
1979,7500,0.04,0.03,2700,2180,2700,1800
1979,12500,0.04,0.03,4510,3640,4510,3020
1979,17500,0.04,0.03,6310,5090,6310,4220
1979,22500,0.04,0.03,8130,6560,8130,5440
1979,27500,0.04,0.03,9940,7930,9940,6590
1979,32500,0.04,0.03,11740,8940,11740,7470
1979,37500,0.04,0.03,13560,9700,13560,8180
1979,42500,0.04,0.03,15360,10320,15360,8800
1979,47500,0.04,0.03,17170,10950,17170,9430
1979,52500,0.04,0.03,18670,11570,18670,10050
1979,57500,0.04,0.03,19660,12200,19660,10680
1979,62500,0.04,0.03,20300,12800,20300,11280
1979,67500,0.04,0.03,20880,13380,20880,11860
1979,72500,0.04,0.03,21470,13970,21470,12450
1979,77500,0.04,0.03,22050,14550,22050,13030
1979,82500,0.04,0.03,22640,15130,22640,13610
1979,87500,0.04,0.03,23220,15720,23220,14200
1979,92500,0.04,0.03,23800,16300,23800,14780
1979,97500,0.04,0.03,24390,16890,24390,15370
1979,102500,0.04,0.03,24970,17470,24970,15950
1979,107500,0.04,0.03,25560,18050,25560,16530
1979,112500,0.04,0.03,26140,18640,26140,17120
1979,117500,0.04,0.03,26720,19220,26720,17700
1979,122500,0.04,0.03,27310,19810,27310,18290
1979,127500,0.04,0.03,27890,20390,27890,18870
1979,132500,0.04,0.03,28480,20980,28480,19460
1979,137500,0.04,0.03,29060,21560,29060,20040
1979,142500,0.04,0.03,29650,22140,29650,20620
1979,147500,0.04,0.03,30230,22730,30230,21210
1979,200000,0.04,0.03,36360,28860,36360,27340
1974,2500,0.04,0.025,730,620,730,560
1974,7500,0.04,0.025,2200,1880,2200,1710
1974,12500,0.04,0.025,3680,3150,3680,2870
1974,17500,0.04,0.025,5160,4410,5160,4020
1974,22500,0.04,0.025,6630,5670,6630,5160
1974,27500,0.04,0.025,8100,6930,8100,6310
1974,32500,0.04,0.025,9570,7940,9570,7250
1974,37500,0.04,0.025,11050,8640,11050,7920
1974,42500,0.04,0.025,12520,9160,12520,8440
1974,47500,0.04,0.025,13960,9690,13960,8970
1974,52500,0.04,0.025,15050,10220,15050,9500
1974,57500,0.04,0.025,15810,10740,15810,10020
1974,62500,0.04,0.025,16320,11240,16320,10520
1974,67500,0.04,0.025,16810,11730,16810,11010
1974,72500,0.04,0.025,17290,12210,17290,11490
1974,77500,0.04,0.025,17780,12700,17780,11980
1974,82500,0.04,0.025,18260,13180,18260,12460
1974,87500,0.04,0.025,18750,13670,18750,12950
1974,92500,0.04,0.025,19230,14150,19230,13430
1974,97500,0.04,0.025,19720,14640,19720,13920
1974,102500,0.04,0.025,20200,15120,20200,14400
1974,107500,0.04,0.025,20690,15610,20690,14890
1974,112500,0.04,0.025,21170,16090,21170,15370
1974,117500,0.04,0.025,21660,16580,21660,15860
1974,122500,0.04,0.025,22140,17070,22140,16350
1974,127500,0.04,0.025,22630,17550,22630,16830
1974,132500,0.04,0.025,23110,18040,23110,17320
1974,137500,0.04,0.025,23600,18520,23600,17800
1974,142500,0.04,0.025,24080,19010,24080,18290
1974,147500,0.04,0.025,24570,19490,24570,18770
1974,200000,0.04,0.025,29670,24590,29670,23870
1974,2500,0.04,0.028,710,590,710,500
1974,7500,0.04,0.028,2130,1790,2130,1540
1974,12500,0.04,0.028,3570,2990,3570,2580
1974,17500,0.04,0.028,5010,4190,5010,3610
1974,22500,0.04,0.028,6430,5390,6430,4650
1974,27500,0.04,0.028,7870,6590,7870,5680
1974,32500,0.04,0.028,9290,7540,9290,6520
1974,37500,0.04,0.028,10730,8210,10730,7150
1974,42500,0.04,0.028,12160,8710,12160,7650
1974,47500,0.04,0.028,13590,9210,13590,8150
1974,52500,0.04,0.028,14820,9720,14820,8660
1974,57500,0.04,0.028,15620,10210,15620,9150
1974,62500,0.04,0.028,16130,10690,16130,9630
1974,67500,0.04,0.028,16590,11150,16590,10090
1974,72500,0.04,0.028,17050,11610,17050,10550
1974,77500,0.04,0.028,17510,12070,17510,11010
1974,82500,0.04,0.028,17970,12530,17970,11470
1974,87500,0.04,0.028,18420,12990,18420,11930
1974,92500,0.04,0.028,18880,13450,18880,12390
1974,97500,0.04,0.028,19340,13910,19340,12850
1974,102500,0.04,0.028,19800,14370,19800,13310
1974,107500,0.04,0.028,20260,14830,20260,13770
1974,112500,0.04,0.028,20720,15280,20720,14220
1974,117500,0.04,0.028,21180,15740,21180,14680
1974,122500,0.04,0.028,21640,16200,21640,15140
1974,127500,0.04,0.028,22100,16660,22100,15600
1974,132500,0.04,0.028,22560,17120,22560,16060
1974,137500,0.04,0.028,23020,17580,23020,16520
1974,142500,0.04,0.028,23480,18040,23480,16980
1974,147500,0.04,0.028,23940,18500,23940,17440
1974,200000,0.04,0.028,28770,23330,28770,22270
1974,2500,0.04,0.03,690,570,690,470
1974,7500,0.04,0.03,2090,1730,2090,1430
1974,12500,0.04,0.03,3500,2890,3500,2400
1974,17500,0.04,0.03,4900,4040,4900,3360
1974,22500,0.04,0.03,6310,5210,6310,4330
1974,27500,0.04,0.03,7720,6370,7720,5300
1974,32500,0.04,0.03,9110,7290,9110,6090
1974,37500,0.04,0.03,10520,7930,10520,6680
1974,42500,0.04,0.03,11920,8420,11920,7170
1974,47500,0.04,0.03,13330,8910,13330,7660
1974,52500,0.04,0.03,14640,9380,14640,8130
1974,57500,0.04,0.03,15510,9870,15510,8620
1974,62500,0.04,0.03,16010,10340,16010,9090
1974,67500,0.04,0.03,16450,10780,16450,9530
1974,72500,0.04,0.03,16890,11220,16890,9970
1974,77500,0.04,0.03,17340,11670,17340,10420
1974,82500,0.04,0.03,17780,12110,17780,10860
1974,87500,0.04,0.03,18220,12550,18220,11300
1974,92500,0.04,0.03,18670,13000,18670,11750
1974,97500,0.04,0.03,19110,13440,19110,12190
1974,102500,0.04,0.03,19550,13880,19550,12630
1974,107500,0.04,0.03,20000,14330,20000,13080
1974,112500,0.04,0.03,20440,14770,20440,13520
1974,117500,0.04,0.03,20880,15210,20880,13960
1974,122500,0.04,0.03,21330,15660,21330,14410
1974,127500,0.04,0.03,21770,16100,21770,14850
1974,132500,0.04,0.03,22220,16540,22220,15290
1974,137500,0.04,0.03,22660,16990,22660,15740
1974,142500,0.04,0.03,23100,17430,23100,16180
1974,147500,0.04,0.03,23550,17880,23550,16630
1974,200000,0.04,0.03,28200,22530,28200,21280
1969,2500,0.04,0.025,520,450,520,410
1969,7500,0.04,0.025,1570,1360,1570,1240
1969,12500,0.04,0.025,2630,2280,2630,2080
1969,17500,0.04,0.025,3690,3200,3690,2920
1969,22500,0.04,0.025,4740,4110,4740,3750
1969,27500,0.04,0.025,5800,5030,5800,4590
1969,32500,0.04,0.025,6850,5880,6850,5370
1969,37500,0.04,0.025,7910,6460,7910,5920
1969,42500,0.04,0.025,8960,6830,8960,6290
1969,47500,0.04,0.025,10020,7220,10020,6680
1969,52500,0.04,0.025,10980,7600,10980,7060
1969,57500,0.04,0.025,11590,7970,11590,7430
1969,62500,0.04,0.025,11970,8330,11970,7790
1969,67500,0.04,0.025,12300,8660,12300,8120
1969,72500,0.04,0.025,12640,9000,12640,8460
1969,77500,0.04,0.025,12980,9340,12980,8800
1969,82500,0.04,0.025,13310,9670,13310,9130
1969,87500,0.04,0.025,13650,10010,13650,9470
1969,92500,0.04,0.025,13990,10350,13990,9810
1969,97500,0.04,0.025,14320,10680,14320,10140
1969,102500,0.04,0.025,14660,11020,14660,10480
1969,107500,0.04,0.025,15000,11350,15000,10810
1969,112500,0.04,0.025,15330,11690,15330,11150
1969,117500,0.04,0.025,15670,12030,15670,11490
1969,122500,0.04,0.025,16010,12360,16010,11820
1969,127500,0.04,0.025,16340,12700,16340,12160
1969,132500,0.04,0.025,16680,13040,16680,12500
1969,137500,0.04,0.025,17020,13370,17020,12830
1969,142500,0.04,0.025,17350,13710,17350,13170
1969,147500,0.04,0.025,17690,14050,17690,13510
1969,200000,0.04,0.025,21220,17580,21220,17040
1969,2500,0.04,0.028,510,430,510,370
1969,7500,0.04,0.028,1540,1310,1540,1130
1969,12500,0.04,0.028,2570,2200,2570,1900
1969,17500,0.04,0.028,3610,3090,3610,2670
1969,22500,0.04,0.028,4640,3960,4640,3420
1969,27500,0.04,0.028,5680,4850,5680,4200
1969,32500,0.04,0.028,6710,5670,6710,4910
1969,37500,0.04,0.028,7740,6230,7740,5420
1969,42500,0.04,0.028,8770,6590,8770,5780
1969,47500,0.04,0.028,9810,6960,9810,6150
1969,52500,0.04,0.028,10810,7330,10810,6520
1969,57500,0.04,0.028,11500,7690,11500,6880
1969,62500,0.04,0.028,11870,8040,11870,7230
1969,67500,0.04,0.028,12190,8360,12190,7550
1969,72500,0.04,0.028,12520,8680,12520,7870
1969,77500,0.04,0.028,12840,9010,12840,8200
1969,82500,0.04,0.028,13160,9330,13160,8520
1969,87500,0.04,0.028,13490,9650,13490,8840
1969,92500,0.04,0.028,13810,9980,13810,9170
1969,97500,0.04,0.028,14130,10300,14130,9490
1969,102500,0.04,0.028,14460,10630,14460,9820
1969,107500,0.04,0.028,14780,10950,14780,10140
1969,112500,0.04,0.028,15100,11270,15100,10460
1969,117500,0.04,0.028,15430,11600,15430,10790
1969,122500,0.04,0.028,15750,11920,15750,11110
1969,127500,0.04,0.028,16070,12240,16070,11430
1969,132500,0.04,0.028,16400,12570,16400,11760
1969,137500,0.04,0.028,16720,12890,16720,12080
1969,142500,0.04,0.028,17050,13210,17050,12400
1969,147500,0.04,0.028,17370,13540,17370,12730
1969,200000,0.04,0.028,20770,16930,20770,16120
1969,2500,0.04,0.03,500,420,500,350
1969,7500,0.04,0.03,1510,1280,1510,1060
1969,12500,0.04,0.03,2540,2150,2540,1790
1969,17500,0.04,0.03,3550,3000,3550,2500
1969,22500,0.04,0.03,4570,3870,4570,3230
1969,27500,0.04,0.03,5600,4740,5600,3960
1969,32500,0.04,0.03,6610,5540,6610,4630
1969,37500,0.04,0.03,7630,6070,7630,5110
1969,42500,0.04,0.03,8650,6430,8650,5470
1969,47500,0.04,0.03,9670,6790,9670,5830
1969,52500,0.04,0.03,10680,7150,10680,6190
1969,57500,0.04,0.03,11440,7510,11440,6550
1969,62500,0.04,0.03,11800,7840,11800,6880
1969,67500,0.04,0.03,12120,8160,12120,7200
1969,72500,0.04,0.03,12430,8470,12430,7510
1969,77500,0.04,0.03,12750,8790,12750,7830
1969,82500,0.04,0.03,13060,9100,13060,8140
1969,87500,0.04,0.03,13380,9420,13380,8460
1969,92500,0.04,0.03,13690,9730,13690,8770
1969,97500,0.04,0.03,14010,10050,14010,9090
1969,102500,0.04,0.03,14320,10360,14320,9400
1969,107500,0.04,0.03,14640,10680,14640,9720
1969,112500,0.04,0.03,14950,10990,14950,10030
1969,117500,0.04,0.03,15270,11310,15270,10350
1969,122500,0.04,0.03,15580,11620,15580,10660
1969,127500,0.04,0.03,15900,11940,15900,10980
1969,132500,0.04,0.03,16210,12250,16210,11290
1969,137500,0.04,0.03,16530,12570,16530,11610
1969,142500,0.04,0.03,16840,12880,16840,11920
1969,147500,0.04,0.03,17160,13200,17160,12240
1969,200000,0.04,0.03,20470,16510,20470,15550
1964,2500,0.04,0.025,330,290,330,260
1964,7500,0.04,0.025,990,870,990,790
1964,12500,0.04,0.025,1660,1460,1660,1330
1964,17500,0.04,0.025,2330,2050,2330,1880
1964,22500,0.04,0.025,2990,2630,2990,2410
1964,27500,0.04,0.025,3660,3230,3660,2960
1964,32500,0.04,0.025,4320,3810,4320,3490
1964,37500,0.04,0.025,4990,4260,4990,3910
1964,42500,0.04,0.025,5650,4510,5650,4160
1964,47500,0.04,0.025,6330,4770,6330,4420
1964,52500,0.04,0.025,7000,5020,7000,4670
1964,57500,0.04,0.025,7490,5260,7490,4910
1964,62500,0.04,0.025,7740,5490,7740,5140
1964,67500,0.04,0.025,7940,5700,7940,5350
1964,72500,0.04,0.025,8150,5900,8150,5550
1964,77500,0.04,0.025,8360,6110,8360,5760
1964,82500,0.04,0.025,8560,6310,8560,5960
1964,87500,0.04,0.025,8770,6520,8770,6170
1964,92500,0.04,0.025,8980,6730,8980,6380
1964,97500,0.04,0.025,9180,6930,9180,6580
1964,102500,0.04,0.025,9390,7140,9390,6790
1964,107500,0.04,0.025,9590,7340,9590,6990
1964,112500,0.04,0.025,9800,7550,9800,7200
1964,117500,0.04,0.025,10010,7760,10010,7410
1964,122500,0.04,0.025,10210,7960,10210,7610
1964,127500,0.04,0.025,10420,8170,10420,7820
1964,132500,0.04,0.025,10620,8370,10620,8020
1964,137500,0.04,0.025,10830,8580,10830,8230
1964,142500,0.04,0.025,11040,8790,11040,8440
1964,147500,0.04,0.025,11240,8990,11240,8640
1964,200000,0.04,0.025,13410,11160,13410,10810
1964,2500,0.04,0.028,320,280,320,240
1964,7500,0.04,0.028,970,850,970,740
1964,12500,0.04,0.028,1630,1430,1630,1240
1964,17500,0.04,0.028,2300,2010,2300,1750
1964,22500,0.04,0.028,2950,2580,2950,2240
1964,27500,0.04,0.028,3610,3160,3610,2750
1964,32500,0.04,0.028,4260,3730,4260,3250
1964,37500,0.04,0.028,4920,4170,4920,3640
1964,42500,0.04,0.028,5580,4420,5580,3890
1964,47500,0.04,0.028,6240,4670,6240,4140
1964,52500,0.04,0.028,6900,4920,6900,4390
1964,57500,0.04,0.028,7450,5150,7450,4620
1964,62500,0.04,0.028,7700,5380,7700,4850
1964,67500,0.04,0.028,7900,5580,7900,5050
1964,72500,0.04,0.028,8100,5780,8100,5250
1964,77500,0.04,0.028,8300,5980,8300,5450
1964,82500,0.04,0.028,8500,6180,8500,5650
1964,87500,0.04,0.028,8700,6380,8700,5850
1964,92500,0.04,0.028,8900,6580,8900,6050
1964,97500,0.04,0.028,9100,6780,9100,6250
1964,102500,0.04,0.028,9300,6980,9300,6450
1964,107500,0.04,0.028,9500,7180,9500,6650
1964,112500,0.04,0.028,9710,7390,9710,6860
1964,117500,0.04,0.028,9910,7590,9910,7060
1964,122500,0.04,0.028,10110,7790,10110,7260
1964,127500,0.04,0.028,10310,7990,10310,7460
1964,132500,0.04,0.028,10510,8190,10510,7660
1964,137500,0.04,0.028,10710,8390,10710,7860
1964,142500,0.04,0.028,10910,8590,10910,8060
1964,147500,0.04,0.028,11110,8790,11110,8260
1964,200000,0.04,0.028,13220,10900,13220,10370
1964,2500,0.04,0.03,320,280,320,230
1964,7500,0.04,0.03,960,840,960,700
1964,12500,0.04,0.03,1620,1410,1620,1180
1964,17500,0.04,0.03,2270,1970,2270,1650
1964,22500,0.04,0.03,2920,2540,2920,2140
1964,27500,0.04,0.03,3580,3110,3580,2620
1964,32500,0.04,0.03,4220,3670,4220,3090
1964,37500,0.04,0.03,4880,4110,4880,3470
1964,42500,0.04,0.03,5530,4350,5530,3710
1964,47500,0.04,0.03,6180,4600,6180,3960
1964,52500,0.04,0.03,6830,4840,6830,4200
1964,57500,0.04,0.03,7410,5080,7410,4440
1964,62500,0.04,0.03,7660,5300,7660,4660
1964,67500,0.04,0.03,7860,5500,7860,4860
1964,72500,0.04,0.03,8060,5690,8060,5050
1964,77500,0.04,0.03,8260,5890,8260,5250
1964,82500,0.04,0.03,8450,6090,8450,5450
1964,87500,0.04,0.03,8650,6290,8650,5650
1964,92500,0.04,0.03,8850,6490,8850,5850
1964,97500,0.04,0.03,9050,6680,9050,6040
1964,102500,0.04,0.03,9240,6880,9240,6240
1964,107500,0.04,0.03,9440,7080,9440,6440
1964,112500,0.04,0.03,9640,7280,9640,6640
1964,117500,0.04,0.03,9840,7470,9840,6830
1964,122500,0.04,0.03,10040,7670,10040,7030
1964,127500,0.04,0.03,10230,7870,10230,7230
1964,132500,0.04,0.03,10430,8070,10430,7430
1964,137500,0.04,0.03,10630,8270,10630,7630
1964,142500,0.04,0.03,10830,8460,10830,7820
1964,147500,0.04,0.03,11020,8660,11020,8020
1964,200000,0.04,0.03,13100,10740,13100,10100
1959,2500,0.04,0.025,140,130,140,120
1959,7500,0.04,0.025,440,400,440,370
1959,12500,0.04,0.025,750,680,750,630
1959,17500,0.04,0.025,1060,960,1060,890
1959,22500,0.04,0.025,1360,1230,1360,1140
1959,27500,0.04,0.025,1670,1510,1670,1400
1959,32500,0.04,0.025,1970,1780,1970,1650
1959,37500,0.04,0.025,2280,2050,2280,1900
1959,42500,0.04,0.025,2580,2190,2580,2040
1959,47500,0.04,0.025,2890,2330,2890,2180
1959,52500,0.04,0.025,3200,2470,3200,2320
1959,57500,0.04,0.025,3490,2600,3490,2450
1959,62500,0.04,0.025,3620,2710,3620,2560
1959,67500,0.04,0.025,3710,2810,3710,2660
1959,72500,0.04,0.025,3810,2900,3810,2750
1959,77500,0.04,0.025,3900,2990,3900,2840
1959,82500,0.04,0.025,3990,3080,3990,2930
1959,87500,0.04,0.025,4080,3170,4080,3020
1959,92500,0.04,0.025,4170,3270,4170,3120
1959,97500,0.04,0.025,4270,3360,4270,3210
1959,102500,0.04,0.025,4360,3450,4360,3300
1959,107500,0.04,0.025,4450,3540,4450,3390
1959,112500,0.04,0.025,4540,3630,4540,3480
1959,117500,0.04,0.025,4630,3730,4630,3580
1959,122500,0.04,0.025,4730,3820,4730,3670
1959,127500,0.04,0.025,4820,3910,4820,3760
1959,132500,0.04,0.025,4910,4000,4910,3850
1959,137500,0.04,0.025,5000,4090,5000,3940
1959,142500,0.04,0.025,5090,4190,5090,4040
1959,147500,0.04,0.025,5190,4280,5190,4130
1959,200000,0.04,0.025,6150,5250,6150,5100
1959,2500,0.04,0.028,140,130,140,110
1959,7500,0.04,0.028,440,400,440,350
1959,12500,0.04,0.028,750,680,750,600
1959,17500,0.04,0.028,1060,950,1060,840
1959,22500,0.04,0.028,1350,1220,1350,1080
1959,27500,0.04,0.028,1660,1500,1660,1330
1959,32500,0.04,0.028,1960,1770,1960,1570
1959,37500,0.04,0.028,2260,2030,2260,1800
1959,42500,0.04,0.028,2560,2180,2560,1950
1959,47500,0.04,0.028,2870,2320,2870,2090
1959,52500,0.04,0.028,3180,2460,3180,2230
1959,57500,0.04,0.028,3470,2590,3470,2360
1959,62500,0.04,0.028,3600,2700,3600,2470
1959,67500,0.04,0.028,3700,2790,3700,2560
1959,72500,0.04,0.028,3790,2880,3790,2650
1959,77500,0.04,0.028,3880,2970,3880,2740
1959,82500,0.04,0.028,3970,3060,3970,2830
1959,87500,0.04,0.028,4060,3160,4060,2930
1959,92500,0.04,0.028,4150,3250,4150,3020
1959,97500,0.04,0.028,4240,3340,4240,3110
1959,102500,0.04,0.028,4330,3430,4330,3200
1959,107500,0.04,0.028,4430,3520,4430,3290
1959,112500,0.04,0.028,4520,3610,4520,3380
1959,117500,0.04,0.028,4610,3700,4610,3470
1959,122500,0.04,0.028,4700,3790,4700,3560
1959,127500,0.04,0.028,4790,3880,4790,3650
1959,132500,0.04,0.028,4880,3980,4880,3750
1959,137500,0.04,0.028,4970,4070,4970,3840
1959,142500,0.04,0.028,5060,4160,5060,3930
1959,147500,0.04,0.028,5150,4250,5150,4020
1959,200000,0.04,0.028,6110,5210,6110,4980
1959,2500,0.04,0.03,140,130,140,110
1959,7500,0.04,0.03,440,390,440,330
1959,12500,0.04,0.03,750,670,750,570
1959,17500,0.04,0.03,1040,940,1040,810
1959,22500,0.04,0.03,1350,1210,1350,1040
1959,27500,0.04,0.03,1650,1490,1650,1280
1959,32500,0.04,0.03,1950,1760,1950,1520
1959,37500,0.04,0.03,2260,2020,2260,1740
1959,42500,0.04,0.03,2550,2160,2550,1880
1959,47500,0.04,0.03,2860,2300,2860,2020
1959,52500,0.04,0.03,3150,2430,3150,2150
1959,57500,0.04,0.03,3460,2570,3460,2290
1959,62500,0.04,0.03,3600,2680,3600,2400
1959,67500,0.04,0.03,3690,2770,3690,2490
1959,72500,0.04,0.03,3780,2860,3780,2580
1959,77500,0.04,0.03,3870,2950,3870,2670
1959,82500,0.04,0.03,3960,3040,3960,2760
1959,87500,0.04,0.03,4050,3130,4050,2850
1959,92500,0.04,0.03,4140,3220,4140,2940
1959,97500,0.04,0.03,4230,3310,4230,3030
1959,102500,0.04,0.03,4320,3400,4320,3120
1959,107500,0.04,0.03,4420,3490,4420,3210
1959,112500,0.04,0.03,4510,3580,4510,3300
1959,117500,0.04,0.03,4600,3670,4600,3390
1959,122500,0.04,0.03,4690,3760,4690,3480
1959,127500,0.04,0.03,4780,3850,4780,3570
1959,132500,0.04,0.03,4870,3940,4870,3660
1959,137500,0.04,0.03,4960,4040,4960,3760
1959,142500,0.04,0.03,5050,4130,5050,3850
1959,147500,0.04,0.03,5140,4220,5140,3940
1959,200000,0.04,0.03,6090,5170,6090,4890
1956,2500,0.04,0.025,40,40,40,30
1956,7500,0.04,0.025,140,130,140,120
1956,12500,0.04,0.025,240,230,240,220
1956,17500,0.04,0.025,340,330,340,320
1956,22500,0.04,0.025,440,420,440,400
1956,27500,0.04,0.025,540,520,540,500
1956,32500,0.04,0.025,640,610,640,590
1956,37500,0.04,0.025,740,710,740,680
1956,42500,0.04,0.025,840,780,840,750
1956,47500,0.04,0.025,940,860,940,830
1956,52500,0.04,0.025,1040,940,1040,910
1956,57500,0.04,0.025,1140,1010,1140,980
1956,62500,0.04,0.025,1190,1060,1190,1030
1956,67500,0.04,0.025,1220,1090,1220,1060
1956,72500,0.04,0.025,1250,1120,1250,1090
1956,77500,0.04,0.025,1280,1150,1280,1120
1956,82500,0.04,0.025,1310,1180,1310,1150
1956,87500,0.04,0.025,1340,1210,1340,1180
1956,92500,0.04,0.025,1370,1240,1370,1210
1956,97500,0.04,0.025,1400,1270,1400,1240
1956,102500,0.04,0.025,1430,1300,1430,1270
1956,107500,0.04,0.025,1460,1330,1460,1300
1956,112500,0.04,0.025,1490,1360,1490,1330
1956,117500,0.04,0.025,1520,1390,1520,1360
1956,122500,0.04,0.025,1550,1420,1550,1390
1956,127500,0.04,0.025,1580,1450,1580,1420
1956,132500,0.04,0.025,1610,1480,1610,1450
1956,137500,0.04,0.025,1640,1510,1640,1480
1956,142500,0.04,0.025,1670,1540,1670,1510
1956,147500,0.04,0.025,1700,1570,1700,1540
1956,200000,0.04,0.025,2020,1890,2020,1860
1956,2500,0.04,0.028,40,40,40,30
1956,7500,0.04,0.028,140,130,140,120
1956,12500,0.04,0.028,240,230,240,210
1956,17500,0.04,0.028,340,330,340,310
1956,22500,0.04,0.028,440,420,440,400
1956,27500,0.04,0.028,540,520,540,490
1956,32500,0.04,0.028,640,610,640,580
1956,37500,0.04,0.028,740,710,740,670
1956,42500,0.04,0.028,840,780,840,740
1956,47500,0.04,0.028,940,860,940,820
1956,52500,0.04,0.028,1040,940,1040,900
1956,57500,0.04,0.028,1140,1010,1140,970
1956,62500,0.04,0.028,1190,1060,1190,1020
1956,67500,0.04,0.028,1220,1090,1220,1050
1956,72500,0.04,0.028,1250,1120,1250,1080
1956,77500,0.04,0.028,1280,1150,1280,1110
1956,82500,0.04,0.028,1310,1180,1310,1140
1956,87500,0.04,0.028,1340,1210,1340,1170
1956,92500,0.04,0.028,1370,1240,1370,1200
1956,97500,0.04,0.028,1400,1270,1400,1230
1956,102500,0.04,0.028,1430,1300,1430,1260
1956,107500,0.04,0.028,1460,1330,1460,1290
1956,112500,0.04,0.028,1490,1360,1490,1320
1956,117500,0.04,0.028,1520,1390,1520,1350
1956,122500,0.04,0.028,1550,1420,1550,1380
1956,127500,0.04,0.028,1580,1450,1580,1410
1956,132500,0.04,0.028,1610,1480,1610,1440
1956,137500,0.04,0.028,1640,1510,1640,1470
1956,142500,0.04,0.028,1670,1540,1670,1500
1956,147500,0.04,0.028,1700,1570,1700,1530
1956,200000,0.04,0.028,2010,1890,2010,1850
1956,2500,0.04,0.03,40,40,40,30
1956,7500,0.04,0.03,140,130,140,120
1956,12500,0.04,0.03,240,230,240,210
1956,17500,0.04,0.03,330,320,330,300
1956,22500,0.04,0.03,440,420,440,390
1956,27500,0.04,0.03,540,520,540,490
1956,32500,0.04,0.03,640,610,640,570
1956,37500,0.04,0.03,740,710,740,670
1956,42500,0.04,0.03,840,780,840,730
1956,47500,0.04,0.03,940,860,940,810
1956,52500,0.04,0.03,1030,930,1030,880
1956,57500,0.04,0.03,1140,1010,1140,960
1956,62500,0.04,0.03,1190,1060,1190,1010
1956,67500,0.04,0.03,1220,1090,1220,1040
1956,72500,0.04,0.03,1250,1120,1250,1070
1956,77500,0.04,0.03,1280,1150,1280,1100
1956,82500,0.04,0.03,1310,1180,1310,1130
1956,87500,0.04,0.03,1340,1210,1340,1160
1956,92500,0.04,0.03,1370,1240,1370,1190
1956,97500,0.04,0.03,1400,1270,1400,1220
1956,102500,0.04,0.03,1430,1300,1430,1250
1956,107500,0.04,0.03,1460,1330,1460,1280
1956,112500,0.04,0.03,1490,1360,1490,1310
1956,117500,0.04,0.03,1520,1390,1520,1340
1956,122500,0.04,0.03,1550,1420,1550,1370
1956,127500,0.04,0.03,1580,1450,1580,1400
1956,132500,0.04,0.03,1610,1480,1610,1430
1956,137500,0.04,0.03,1640,1510,1640,1460
1956,142500,0.04,0.03,1670,1540,1670,1490
1956,147500,0.04,0.03,1700,1570,1700,1520
1956,200000,0.04,0.03,2010,1890,2010,1840